,,,
البعد الاجتماعي,النصف الأول من السنة الأولى ( حديثي الولادة : يوم < 6 شهور(,هل يظهر ان يريد الانتباه اليه ؟ يتضمن هذه مد يده الى اشخاص او مناغاتهم او وقف البكاء عندما يلعب معه احد ( ولكن لا يحمله ) ؟,2
البعد الاجتماعي,النصف الأول من السنة الأولى ( حديثي الولادة : يوم < 6 شهور(,هل يثرثر الطفل او يصدر أصواتا قد تعتبر محاولات للحديث ؟ لا يتضمن هذا البكاء للحصول على انتباه احد او زجاجة الرضاعة ؟,2
البعد الاجتماعي,النصف الأول من السنة الأولى ( حديثي الولادة : يوم < 6 شهور(,هل يظهر الطفل انفعالات سلبية ( كالغضب ، الرفض ، الخوف ، او الاتداد ) لاشياء غير مؤلمة من الناحية الجسمية مثل الطعام المكروه او الغرباء ؟,2
البعد الاجتماعي,النصف الثاني من السنة الأولى ( الرضيع 1:6<12 شهرا),هل يؤشر الطفل ( باي باي ) في الأوقات المناسبة ، او هل يصفق مقلدا او عندما يلعب معه احد ؟,2
البعد الاجتماعي,النصف الثاني من السنة الأولى ( الرضيع 1:6<12 شهرا),هل يظهر الطفل انه يعرف معنى لي ( يفهم عندما يقول احد سيارتي او امي ) ؟,2
البعد الاجتماعي,النصف الثاني من السنة الأولى ( الرضيع 1:6<12 شهرا),هل يأتي الطفل عند الطلب 25% من الوقت على الأقل ؟,2
البعد الاجتماعي,سنة الى > سنة ونصف ( الرضيع 2: من 12< شهر ),هل يبقى الطفل مشغولا لمدة 15 دقيقة وهو يفعل شيئا مما يلي : ينظر الى التلفاز ، يرسم بقلم ، يبني ، ينظر الى صورة قد يفعل هذا لوحده او مع أطفال اخرين ولكن ليس بمراقبة الكبار ؟,2
البعد الاجتماعي,سنة الى > سنة ونصف ( الرضيع 2: من 12< شهر ),هل يأتي الطفل بشيء من مكان الى اخر او من شخص الى اخر ، يجب عليه ان يجد الشيء وينفذه بإرشادات شفوية مثل ( تعال به هنا ، احضره لماما ) ؟,2
البعد الاجتماعي,سنة الى > سنة ونصف ( الرضيع 2: من 12< شهر ),هل يهتم الطفل بالاشياء والألعاب التي يحبها الأطفال الاخرين ؟ قد لا يستطيع الطفل ان يشارك او يلعب الدور مع أطفال اخرين ؟,2
البعد الاجتماعي,من سنة ونصف الى > سنتين ( مرحلة ما بعد الرضاعة 1:من 18 < 24 شهر ),هل يغار الطفل عندما ينتبه احد الى اشخاص اخرين خصوصا اشخاص من العائلة ؟ قد تظهر الغيرة كالغضب او التصرفات الطفولية او الفوضائية او طلبه ان يكون محمولا او أي تعبيرات أخرى ؟,2
البعد الاجتماعي,من سنة ونصف الى > سنتين ( مرحلة ما بعد الرضاعة 1:من 18 < 24 شهر ),هل يلعب الطفل بلعبة سهلة الكسر مثل طيارة من الكرتون دون ان يكسرها فوراً ؟ قد تنكسر اللعبة لاحقاً لكن بعد ان يلعب الطفل بها بطريقة صحيحة ؟,2
البعد الاجتماعي,من سنة ونصف الى > سنتين ( مرحلة ما بعد الرضاعة 1:من 18 < 24 شهر ),هل يكتشف الطفل الأماكن الجديدة كبيت صديق او حديقة جار ؟ لا تكفي العين فقط ؟,2
البعد الاجتماعي,من سنتين الى < سنتين ونصف ( مرحلة ما بعد الرضاعة رقم 2: من 24 < الى 30 شهر ),هل يذكر الطفل جنسه او جنس الاخرين ؟ مقبول منه اظهار انه يعرف ان ملابس او أنشطة او العاب تناسب جنسا دون اخر ؟,2
البعد الاجتماعي,من سنتين الى < سنتين ونصف ( مرحلة ما بعد الرضاعة رقم 2: من 24 < الى 30 شهر ),هل يساعد الطفل والديه في البيت ؟ ( يستمتع بأداء بعض الأنشطة كالتقاط الأشياء عن الأرض ، وضع ورق الشجر في القمامة ، تنظيف الغبار ، اعداد مائدة الطعام ورفعها ) ؟,2
البعد الاجتماعي,من سنتين الى < سنتين ونصف ( مرحلة ما بعد الرضاعة رقم 2: من 24 < الى 30 شهر ),هل يطلب الطفل الذهاب الى الحمام ؟ ليس بمجرد اظهار العصبية ( الإشارات مقبولة ) ؟,2
البعد الاجتماعي,من سنتين ونصف الى < 3 سنوات ( مرحلة ما بعد الرضاعة رقم 3: 30< < 36 شهر ),هل يبتع الطفل القواعد في العاب جماعية يشرف عليها شخص كبير ؟ قد تشمل الجلوس في دائرة التتابع ، التوجيهات تقليد القائد ، او تقليد أنشطة افراد الجماعة الاخرين ؟,2
البعد الاجتماعي,من سنتين ونصف الى < 3 سنوات ( مرحلة ما بعد الرضاعة رقم 3: 30< < 36 شهر ),هل يلعب الطفل بالدور ؟ يعني هذا ان ينتظر شخصا اخر يلعب قبله ويسمح للاخرين ان يلعبوا الأول 75% من الوقت. الشجرة ولا يمشي على الألعاب الكرتونية ) قد يحدث هذا ولكن ليس كثيراً,2
البعد الاجتماعي,من سنتين ونصف الى < 3 سنوات ( مرحلة ما بعد الرضاعة رقم 3: 30< < 36 شهر ),هل يلعب الطفل بالألعاب بطريقة صحيحة ؟ ( لا يجر عربة على رأسها بدلا من العجلات، لا يستعمل البندقية لقطع الشجرة، ولا يمشي على الألعاب الكرتونية)، قد يحدث هذا ولكن ليس كثيرًا.,2
البعد الاجتماعي,من 3 سنوات الى < 3 سنوات ونصف ( مرحلة ما قبل المدرسة : من 36< 42 شهر ),هل يلعب الطفل العابا جماعية مع الاخرين مثل الصياد ، الاستغماية ، الحجلة ، نط الحبل (الجلول ـ البنانير ) بدون اشراف مستمر ؟,2
البعد الاجتماعي,من 3 سنوات الى < 3 سنوات ونصف ( مرحلة ما قبل المدرسة : من 36< 42 شهر ),هل يلعب الطفل لمدة 30 دقيقة على الأقل مع طفل اخر من نفس السن في مهمة واحدة مثل البناء بالمكعبات ، اللعب بالرمل، اللعب بالورق، الطين، لعب المحلات التجارية، المدرسة ، البيت ؟,2
البعد الاجتماعي,من 3 سنوات الى < 3 سنوات ونصف ( مرحلة ما قبل المدرسة : من 36< 42 شهر ),هل يعرف الطفل مفهوم الملكية ( يطلب الاذن ، من الاخرين قبل اخذ اغراضهم الشخصية ) ؟,2
البعد الاجتماعي,من 3 سنوت ونصف إلى <4 سنوات ونصف ( مرحلة ما قبل المدرسة: من 42 <54 شهر),هل يلعب في حارته دون مراقبة شخص كبير؟ ولا يعني هذا السماح له بعبور الشارع وحده؟,6
البعد الاجتماعي,من 3 سنوت ونصف إلى <4 سنوات ونصف ( مرحلة ما قبل المدرسة: من 42 <54 شهر),هل يقول الطفل التعبيرات التالية (شكرًا)،(من فضلك)،(عفوًا)، في الأوقات المناسبة.,6
البعد الاجتماعي,4 سنوات ونصف الى <5 سنوات ونصف ( مرحلة ما قبل المدرسة : من 54 < 66 شهرا ),هل يسال الطفل عن أحوال الكبار والمرضى ؟,6
البعد الاجتماعي,4 سنوات ونصف الى <5 سنوات ونصف ( مرحلة ما قبل المدرسة : من 54 < 66 شهرا ),هل يخبر الطفل عن شعور الاخرين بقوله ( هو غاضب ، خائف ، قلق ) عليه ان يدرك الشعور المضبوط ؟,6
البعد الاجتماعي,5 سنوات ونصف الى < 6 سنوات ونصف ( المرحلة الابتدائية 1: من 66 < 78 شهرا ),هل يقول الطفل اسرارا الى صديق ولا يقولها الى والديه او الى اشخاص كبار اخرين ؟ لا يعني هذا التصرفات الغير مناسبة فقط ؟,4
البعد الاجتماعي,5 سنوات ونصف الى < 6 سنوات ونصف ( المرحلة الابتدائية 1: من 66 < 78 شهرا ),هل يزور الطفل صديقا ويلعب معه دون مراقبة شخص كبير ؟ ( عدا التأكد من الكبار عن وجوده مرة كل ساعة ) يجب على الصديق ان لا يكون اكبر من الطفل بأكثر من سنة واحدة ؟,4
البعد الاجتماعي,5 سنوات ونصف الى < 6 سنوات ونصف ( المرحلة الابتدائية 1: من 66 < 78 شهرا ),هل يلعب الطفل العاب مثل السلم والحية ، اونو ، دومينو ، او غيرها مع طفل من نفس السن ؟ يجب ان يكون الطفل قادرا على ان يتبع القواعد ويلعب بالدور وان يكون هناك فائز ؟,4
البعد الاجتماعي,6 سنوات ونصف الى < 7 سنوات ونصف ( المرحلة الابتدائية 2: من 78 < 90 شهرا),هل ينجر الطفل مهمة حقيقية واحدة ( مرة أسبوعيا على الأقل ) ؟ كغسل الصحون ، تنظيف الحديقة، ترتيب سريره اخراج سلة القمامة ، تنظيف الغبار ، على ان يؤدي المهمة بشكل جيد دون تشجيع؟,6
البعد الاجتماعي,6 سنوات ونصف الى < 7 سنوات ونصف ( المرحلة الابتدائية 2: من 78 < 90 شهرا),هل يصوت الطفل ويتقبل ان رأى الأغلبية هو أساس اتخاذ أي قرار ؟,6
البعد الاجتماعي,7سنوات ونصف الى < 8 سنوات ونصف ( المرحلة الابتدائية 3: من 90< 102 شهر ),هل يقوم الطفل بقائمة مهمات منزلية لوحده وينفذها بشكل مقبول دون تذكير على الاطلاق,6
البعد الاجتماعي,7سنوات ونصف الى < 8 سنوات ونصف ( المرحلة الابتدائية 3: من 90< 102 شهر ),هل قال الطفل ان الشمس لن تعطيه سنا بدل السن المخلوع الذي يرميه عادة لانها قصة خيالية وكذلك بالنسبة للجنية او الساحرة وانها مجرد قصص من الخيال ؟,6
البعد الاجتماعي,سنوات ونصف الى < 9 سنوات ونصف ( المرحلة الابتدائية النهائية : 102< 114 شهرا ),هل يتجول الطفل بحرية عند ذهابه الى مكان عام يتواجد فيه قرب افراد اسرته ولكن دون مراقبة مستمرة ؟,4
البعد الاجتماعي,سنوات ونصف الى < 9 سنوات ونصف ( المرحلة الابتدائية النهائية : 102< 114 شهرا ),هل يعبر الطفل عن سعادته للوقت الذي يقضيه مع اقرانه ؟,4
البعد الاجتماعي,سنوات ونصف الى < 9 سنوات ونصف ( المرحلة الابتدائية النهائية : 102< 114 شهرا ),هل يشتري الطفل بدون مساعدة الأشياء المفيدة مثل الهدايا للاخرين ، مشتريات العائلة ؟ يجب عليه ان يعرف كم من النقود التي يحتاج اليها وان يختار الأشياء المناسبة وان يحصل على مبلغ الفكة المضبوطة ؟,4
البعد المعرفي,النصف الأول من السنة الأولى ( حديثي الولادة يوم < 6 شهور ),هل يزيد نشاط الطفل او يقل عندما يدخل الغرفة او عندما يلتقطه احد ؟,3
البعد المعرفي,النصف الأول من السنة الأولى ( حديثي الولادة يوم < 6 شهور ),هل ينتبه الطفل الى أداة او شخص لمدة دقيقة على الأقل ؟ لا يتضمن هذا أدوات التغذية مثل زجاجة الرضاعة .,3
البعد المعرفي,النصف الثاني من السنة الأولى ( الرضيع 6 : <12 شهر ),هل يحب أو لايحب الطفل اشخاص أماكن او أدوات معينة ويعبر عن ذلك ؟( لايشمل هذا الطعام ),3
البعد المعرفي,النصف الثاني من السنة الأولى ( الرضيع 6 : <12 شهر ),هل يبحث الطفل في المكان المناسب عن أداة رفعت بعيدا عن نظره ، ام ينساها ؟ ( كان يبحث عن لعبة اخفيت في مكان ما تحت مائدة او وسادة ( مخدة )) ؟,3
البعد المعرفي,من سنة الى < سنة ونصف ( الرضع 2: من 12< 18 شهرا ),هل يخربش الطفل بالقلم الرصاص في محاولة واضحة لرسم علامات ؟,3
البعد المعرفي,من سنة الى < سنة ونصف ( الرضع 2: من 12< 18 شهرا ),هل يشير الطفل الى جزء جسمي واحد على الأقل ( على جسمه او على دميه عندما يطلب منه ذلك)؟,3
البعد المعرفي,من سنة ونصف الى < سنتين ( مرحلة ما بعد الرضاعة 1: من 18 < 24 شهر ),هل يعطي الطفل مزيدا من شيء او يطلب المزيد ملء ملعقة من الطعام عندما يطلب منه ؟,2
البعد المعرفي,من سنة ونصف الى < سنتين ( مرحلة ما بعد الرضاعة 1: من 18 < 24 شهر ),هل يذكر الطفل او يشير الى 20 صورة او أداة على الأقل عندما يسال عنها ؟,2
البعد المعرفي,من سنة ونصف الى < سنتين ( مرحلة ما بعد الرضاعة 1: من 18 < 24 شهر ),هل يعرف الطفل نفسه في صورة ؟,2
البعد المعرفي,من سنتين الى < سنتين ونصف ( مرحلة ما بعد الرضاعة رقم 2: من 24 < 30 شهر ),هل يصنف الطفل الأدوات تبعا للون ، الشكل ، او الحجم عندما يلعب ؟,2
البعد المعرفي,من سنتين الى < سنتين ونصف ( مرحلة ما بعد الرضاعة رقم 2: من 24 < 30 شهر ),هل ينسخ الطفل خطأ راسيا مقلدا خطا رسمه شخص كبير ؟,2
البعد المعرفي,من سنتين الى < سنتين ونصف ( مرحلة ما بعد الرضاعة رقم 2: من 24 < 30 شهر ),هل يقول الطفل كلمات تتعلق بالحجم مثل ( كبير ، صغير ) وبالاستعمال المضبوط ( تقبل الإشارة من الأطفال ذوي التاخر اللغوي ؟,2
البعد المعرفي,من سنتين ونصف الى < 3 سنوات مرحلة ما بعد الرضاعة رقم 3: 30<36 شهر,هل يعد الطفل الى ثلاثة ؟ يعد 3 أشياء موضوعة امامه بشكل صحيح اذا طلب منه ذلك,2
البعد المعرفي,من سنتين ونصف الى < 3 سنوات مرحلة ما بعد الرضاعة رقم 3: 30<36 شهر,هل ينسخ الطفل شكل الدائرة بقلم رصاص ؟ يرسم الحركة الدائرية,2
البعد المعرفي,من سنتين ونصف الى < 3 سنوات مرحلة ما بعد الرضاعة رقم 3: 30<36 شهر,هل يشير الطفل الى لونين على الأقل بشكل مضبوط عند الطلب ؟,2
البعد المعرفي,من 3 سنوات الى 3 سنوات ونصف مرحلة ما قبل المدرسة : من 37 – 42 شهر,هل يعد الطفل الى ستة ؟ يعد 6 أشياء موضوعة امامه بشكل صحيح اذا طلب منه ذلك ؟,2
البعد المعرفي,من 3 سنوات الى 3 سنوات ونصف مرحلة ما قبل المدرسة : من 37 – 42 شهر,هل يقول الطفل الوقت من النهار المربوط بأنشطة معينة ؟ الفطور وجبة الصباح ، عندما تظلم الدنيا تنام ؟,2
البعد المعرفي,من 3 سنوات الى 3 سنوات ونصف مرحلة ما قبل المدرسة : من 37 – 42 شهر,هل يرسم الطفل إشارة جمع + بخط راسي وخط متقطع افقي بعد ان يرسمه شخص كبير ؟,2
البعد المعرفي,3سنوات ونصف الى < 4 سنوات ونصف مرحلة ما قبل المدرسة من 42< 54 شهر,هل يرسم الطفل شخص راس وجزء اخر من الجسم على الأقل عندما يطلب منه ذلك,4
البعد المعرفي,3سنوات ونصف الى < 4 سنوات ونصف مرحلة ما قبل المدرسة من 42< 54 شهر,هل يشير الطفل الى أنواع العمله المتداولة عند ذكرها ( 5 قروش ، 10قروش ، نصف دينار )؟,4
البعد المعرفي,3سنوات ونصف الى < 4 سنوات ونصف مرحلة ما قبل المدرسة من 42< 54 شهر,هل يرسم الطفل او ينسخ مربعا ؟ يجب ان تكون زواياه قائمة واضلاعه الأربعة متساوية ؟,4
البعد المعرفي,4 سنوات ونصف الى <5 سنوات ونصف مرحلة ما قبل المدرسة 54< 66 شهرا,هل يكرر الطفل نمطا موضوعا امامه ( دائرة ، مربع ، دائرة ، مربع .... ),4
البعد المعرفي,4 سنوات ونصف الى <5 سنوات ونصف مرحلة ما قبل المدرسة 54< 66 شهرا,هل يرسم الطفل ( راس ، جسم ذراعان ، قدمان ـ لو مجرد خطو ط ) عندما يطلب منه ذلك ؟,4
البعد المعرفي,4 سنوات ونصف الى <5 سنوات ونصف مرحلة ما قبل المدرسة 54< 66 شهرا,هل يرسم او ينسخ الطفل مثلثا يجب ان تكون اضلاعه متساوية تقريبا ؟,4
البعد المعرفي,5 سنوات ونصف الى <6 سنوات ونصف المرحلة الابتدائية من 1: 66 < 78 شهرا,هل يخرج الطفل 13 أداة من بين 20 أداة,4
البعد المعرفي,5 سنوات ونصف الى <6 سنوات ونصف المرحلة الابتدائية من 1: 66 < 78 شهرا,هل يقول الطفل عنوانه ؟ بما فيه اسم الشارع ، رقم البيت ، او اسم معروف بجاتب بيته ( العنوان في الريف اقل تحديدا ؟,4
البعد المعرفي,5 سنوات ونصف الى <6 سنوات ونصف المرحلة الابتدائية من 1: 66 < 78 شهرا,هل يرد الطفل على أسئلة بسيطة عن حقائق رئيسية في قصة سردت عليه ( على ان لا تزيد القصة عن 10 جمل تقريبا وتكون الأسئلة حول الشخصيات الرئيسية الاحداث العامة في القصة ؟,4
البعد المعرفي,6 سنوات ونصف الى < 8 سنوات ونصف المرحلة الابتدائية 3: <90 < 102 شهرا,هل يكتب الطفل بخط الرقعة و لايستعمل النسخ ؟,6
البعد المعرفي,6 سنوات ونصف الى < 8 سنوات ونصف المرحلة الابتدائية 3: <90 < 102 شهرا,هل يتقن الطفل مهارات القراءة والكتابة والحساب الخاصة بمستوى الصف الثالث الابتدائي ؟,6
البعد المعرفي,8 سنوات ونصف الى <9 سنوات ونصف المرحلة الابتدائية النهائية 102< 114 شهرا,هل يقول الطفل جدول الضرب حتى رقم 6 باخطاء قليلة ؟ مثال 6×9.5×8.4×3.... الخ ؟,6
البعد المعرفي,8 سنوات ونصف الى <9 سنوات ونصف المرحلة الابتدائية النهائية 102< 114 شهرا,هل يجيب الطفل على اثنين من الأسئلة الرقمية التالية : ما نمرة حذائك ، ما رقم هاتف منزلك ، ما هو تاريخ ميلادك ؟,6
البعد الاتصالي,النصف الأول من السنة الأولى حديثي الولادة يوم < 6 شهور,هل يصدر الطفل أصواتا عندما يلعب ؟ يجب عليه ان يلعب بالاصوات ليس مجرد البكاء او الضحك ، والقرقرة,2
البعد الاتصالي,النصف الأول من السنة الأولى حديثي الولادة يوم < 6 شهور,هل يثرثر الطفل او يستعمل بعض الأصوات في محاولة التقليد الكلمات او الحديث كأن يتظاهر بانه يتكلم ؟,2
البعد الاتصالي,النصف الأول من السنة الأولى حديثي الولادة يوم < 6 شهور,هل ينظر الطفل الى مصدر الصوت عندما يبدأ احد في الحديث معه مثلاً؟,2
البعد الاتصالي,النصف الثاني من السنة الأولى الرضيع 1:<12 شهر,هل يقلد الطفل الكلمات المنطوقة مثل بابا ، او ماما مع انه قد لا يعرف معناها؟,2
البعد الاتصالي,النصف الثاني من السنة الأولى الرضيع 1:<12 شهر,هل يشير الطفل بإشارات كطريقة للتكلم بان يحرك راسه بالنفي او يمد يده كي يحمله احد ؟,2
البعد الاتصالي,النصف الثاني من السنة الأولى الرضيع 1:<12 شهر,هل يرد الطفل على الكلام الكبير باشارات باي او تحريك الراس إيجابا او نفيا لسؤال ؟,2
البعد الاتصالي,من سنة الى < سنة ونصف الرضع 2: من 12 < 18 شهرا,هل يعبر الطفل عما يريده ببعض الأصوات كلمات او أصوات تشبه كلمات ؟ ليس مجرد البكاء للحصول على ما يريده ؟,2
البعد الاتصالي,من سنة الى < سنة ونصف الرضع 2: من 12 < 18 شهرا,هل يذكر الطفل 5 أشياء على الأقل ؟ ليس بالتقليد ولا تحسب أسماء الأشخاص يجب ان ينطق الأسماء بطريقة واضحة بحيث يفهمها شخص غريب,2
البعد الاتصالي,من سنة الى < سنة ونصف الرضع 2: من 12 < 18 شهرا,هل ينفذ الطفل الأوامر مثل ( اريني ، تعال ، روح ، جيب) مثال : هل يشير الطفل الى أصابع قدميه او يذهب بشيء إلى والدته عندما يطلب منه ذلك؟,2
البعد الاتصالي,من سنة الى < سنة ونصف الرضع 2 من 18< 24 شهر,هل يستعمل الطفل 15 كلمة على الأقل عند حديثه استعمالا مضبوطا ؟,2
البعد الاتصالي,من سنة الى < سنة ونصف الرضع 2 من 18< 24 شهر,هل يقول الطفل بالكلام او بالاشارات ان يريد المزيد من شيء ؟ ليس مجرد بكاء ؟ .,2
البعد الاتصالي,من سنة الى < سنة ونصف الرضع 2 من 18< 24 شهر,هل يجمع الطفل كلمتين او اكثر ليشكل جمل ( روح انت ، انت اعطيني ، محمد بدو ) ؟,2
البعد الاتصالي,من سنتين الى < سنتين ونصف مرحلة ما بعد الرضاعة رقم 2 من 24< 30 شهر,هل يغني الطفل أجزاء من أغاني مقلدا أطفال اخرين او يشاركهم في الغناء؟,2
البعد الاتصالي,من سنتين الى < سنتين ونصف مرحلة ما بعد الرضاعة رقم 2 من 24< 30 شهر,هل يقول الطفل اسم 20 شيء على الأقل اذا رآها في صور ؟,2
البعد الاتصالي,من سنتين الى < سنتين ونصف مرحلة ما بعد الرضاعة رقم 2 من 24< 30 شهر,هل يتكلم الطفل مستخدما 50 كلمة مختلفة على الأقل اثناء كلامه؟ (يستعملها ولا يكفي مجرد الفهم)؟,2
البعد الاتصالي,من سنتين ونصف الى < 3 سنوات مرحلة ما بعد الرضاعة رقم 3 : 30< 36 شهر,هل يقول الطفل اسمه ولقبه أحيانا عند الطلب ؟,2
البعد الاتصالي,من سنتين ونصف الى < 3 سنوات مرحلة ما بعد الرضاعة رقم 3 : 30< 36 شهر,هل يغني الطفل اغنيتين على الأقل بيت واحد على الأقل من كل اغنية ؟,2
البعد الاتصالي,من سنتين ونصف الى < 3 سنوات مرحلة ما بعد الرضاعة رقم 3 : 30< 36 شهر,هل يجيب الطفل عندما يسال ما اذا كان ولد او بنت ؟ يجب ان يكون الجواب صحيح ؟,2
البعد الاتصالي,من 3 سنوات الى < 3 سنوات ونصف مرحلة ماقبل المدرسة : من 36 < 42 شهر,هل يقول الطفل عادة اسمه ولقبه عندما يطلب منه الكبار ذلك ؟,2
البعد الاتصالي,من 3 سنوات الى < 3 سنوات ونصف مرحلة ماقبل المدرسة : من 36 < 42 شهر,هل يروي الطفل قصة بالنظر الى الصور في كتاب ؟ فقط الاحداث المتمثلة في الصور,2
البعد الاتصالي,من 3 سنوات الى < 3 سنوات ونصف مرحلة ماقبل المدرسة : من 36 < 42 شهر,هل يجيب الطفل على الهاتف ويخبر الشخص الرسالة الصحيحية ؟ على الطفل ان يقول الو : وما اذا كان الشخص المطلوب يستطيع الإجابة على الهاتف ( ان لم يتوفر هاتف يترك هذا البند 19، 20 من المساعدة يستحق 6 شهور بدلا من 4 شهور,2
البعد الاتصالي,3 سنوات نصف الى < 4 سنوات ونصف مرحلة ما قبل المدرسة من 42 < 54 شهر,هل غنى الطفل اغنية مؤلفة من 30 كلمة على الأقل ؟ قد تكون كثير من الكلمات مكررة في الاغنية ولكن على الطفل ان يغنيها لوحدة,6
البعد الاتصالي,3 سنوات نصف الى < 4 سنوات ونصف مرحلة ما قبل المدرسة من 42 < 54 شهر,هل يقول الطفل عمره للاخرين بالكلام او باصابعه وعن عمره العام الماضي وما سيكون عمره في العام القادم ؟,6
البعد الاتصالي,4 سنوات ونصف الى < 5 سنوات ونصف مرحلة ما قبل المدرسة : 54 < 66 شهرا,هل يسال الطفل من وقت الى اخر عن معنى كلمة ثم يستعملها عندما يتكلم ؟,4
البعد الاتصالي,4 سنوات ونصف الى < 5 سنوات ونصف مرحلة ما قبل المدرسة : 54 < 66 شهرا,هل يروي الطفل ( دون صور مساعدة ) قصة ويذكر الاحداث المهمة فيها ؟,4
البعد الاتصالي,4 سنوات ونصف الى < 5 سنوات ونصف مرحلة ما قبل المدرسة : 54 < 66 شهرا,عندما يجادل الطفل هل يستعمل من وقت لاخر المنطق عن السبب والنتيجة ؟ استطيع ان اسهر الليله لانه غدا عطلة ؟,4
البعد الاتصالي,5 سنوات ونصف الى < 6 سنوات ونصف المرحلة الاتبدائية 1: من 66 < 78 شهرا,هل يقرا الطفل 5 كلمات مكتوبة ويفهمها بطريقة ما ؟ ليس مجرد فهمها لانها مكتوبة على علبة اكل مثلا ؟,4
البعد الاتصالي,5 سنوات ونصف الى < 6 سنوات ونصف المرحلة الاتبدائية 1: من 66 < 78 شهرا,هل يجمع الطفل رقم هاتف او يطلبه من عامل الهاتف بشكل صحيح عندما يحتاج ذلك ؟,4
البعد الاتصالي,5 سنوات ونصف الى < 6 سنوات ونصف المرحلة الاتبدائية 1: من 66 < 78 شهرا,هل يقول الطفل النشيد الوطني كاملا او شيئا مثلة غير الأغاني ؟ دعاء ، اذان او قصيدة مؤلفة من 25 كلمة على الأقل ؟,4
البعد الاتصالي,6 سنوات ونصف الى < 7 سنوات ونصف المرحلة الابتدائية 2: من 78 < 90 شهر,هل يقرأ الطفل قصة بسيطة بحيث يتابعها من يسمعها بشكل جيد ؟,4
البعد الاتصالي,6 سنوات ونصف الى < 7 سنوات ونصف المرحلة الابتدائية 2: من 78 < 90 شهر,هل يروي الطفل في 5 دقائق ملخص مسرحية ، قصة ، او تمثيلية تلفزيونية ؟ ليس مجرد الاحداث مثيرة فيها فقط .,4
البعد الاتصالي,6 سنوات ونصف الى < 7 سنوات ونصف المرحلة الابتدائية 2: من 78 < 90 شهر,هل يفهم الطفل 3 من الإشارات غير اللفظية الأربع التالية : هز الكتفين بمعنى لا اعرف او لست متأكدا / مد اليد لايقاف سيارة تاكسي / رفع الابهام إشارة الى 100% / الغمز بالعين كتحية ودية او إشارة الى انه يمزح,4
البعد الاتصالي,7 سنوات ونصف الى < 8 سنوات ونصف المرحلة الابتدائية 3 : من 90 < 102 شهر,هل يذكر الطفل كلمتين على الأقل على نفس الوزن مثل راس ، فاس ، حطة ، بطة ، بصل ، بطل؟,6
البعد الاتصالي,7 سنوات ونصف الى < 8 سنوات ونصف المرحلة الابتدائية 3 : من 90 < 102 شهر,هل يغني الطفل أغاني او بيوت مشهورة من أغاني شعبية ؟ لاتحتسب أغاني الأطفال والاعياد ؟,6
البعد الاتصالي,8 سنوات ونصف الى <9 سنوات ونصف المرحلة الابتدائية النهائية 102<114 شهرا,هل يسمع الطفل برنامج راديو وفهمه لمدة 10 دقائق على الأقل ( رياضة ، اخبار ، دراما ، ولكن ليس موسيىقى ),4
البعد الاتصالي,8 سنوات ونصف الى <9 سنوات ونصف المرحلة الابتدائية النهائية 102<114 شهرا,هل كتب الطفل رسالة وبعثها دون مساعدة ؟ المساعدة ممكن ان تسمح في العنوان او التهجية وليس الرسالة نفسها ؟,4
البعد الاتصالي,8 سنوات ونصف الى <9 سنوات ونصف المرحلة الابتدائية النهائية 102<114 شهرا,هل شارك الطفل في الألعاب الكلامية ( مثل سلطة ملطة تبلناها كلشي فيها الا .....ما فيها ) ؟,4
بعد العناية الذاتية,النصف الأول من السنة الأولى ( حديثي الولادة : يوم < 6 شهور ),هل يمد الطفل يديه للحصول على أدوات امامه قريبه ولكنها بعيدة عن متناول يده ؟ .,2
بعد العناية الذاتية,النصف الأول من السنة الأولى ( حديثي الولادة : يوم < 6 شهور ),هل يمسك الطفل بشخص او بأداة لمدة ثوان على الأقل ؟ ( إما باليد كلها ، او بالاصابع ، او بأصبع واحد ) ؟,2
بعد العناية الذاتية,النصف الأول من السنة الأولى ( حديثي الولادة : يوم < 6 شهور ),هل يمسك الطفل زجاجة رضاعة بيديه او قدميه عندما يشرب منها ؟ ليس من الضرورة ان يسندها يوضع صح ان امسك الثدي في حالة الرضاعة الطبيعية ؟,2
بعد العناية الذاتية,النصف الثاني من السنة الأولى الرضيع 1:6 < 12 شهرا,هل يمد الطفل يديه للاكمام عند الباسه او قدميه للبس الحذاء ؟,2
بعد العناية الذاتية,النصف الثاني من السنة الأولى الرضيع 1:6 < 12 شهرا,هل يتجول الطفل داخل المنزل بدون مراقبة مستمرة ؟ الكشف بين الحين والأخر ضروري لمعرفة مكانه ونشاطه ؟,2
بعد العناية الذاتية,النصف الثاني من السنة الأولى الرضيع 1:6 < 12 شهرا,هل يشرب الطفل من كوب يحمله شخص اخر ؟,2
بعد العناية الذاتية,من سنة الى < سنة ونصف الرضيع 2 : من 12 < 18 شهر,هل يخلع الطفل حذاءه المفكوك او جواربه بدون مساعدة ليس على صورة لعب ؟,2
بعد العناية الذاتية,من سنة الى < سنة ونصف الرضيع 2 : من 12 < 18 شهر,هل يشرب الطفل من كوب صغير دون مساعدة وبمهارة كافية بحيث لا يكب كثيرا ؟,2
بعد العناية الذاتية,من سنة الى < سنة ونصف الرضيع 2 : من 12 < 18 شهر,هل يأكل الطفل باصابعه دون مساعدة ( قطعة بسكويت ، قطعة خبز ... الخ ) ؟,2
بعد العناية الذاتية,من سنة الى < سنتين مرحلة ما بعد الرضاعة 1 : من 18 < 24 شهر,هل يفرق الطفل بين ما يؤكل وما لا يؤكل ؟ قد يضع ما لا يؤكل في فمه دون مضغه او بلعه,2
بعد العناية الذاتية,من سنة الى < سنتين مرحلة ما بعد الرضاعة 1 : من 18 < 24 شهر,هل يخلع الطفل معطفه دون مساعده عندما تكون الازرار والسحاب مفتوحة ؟,2
بعد العناية الذاتية,من سنة الى < سنتين مرحلة ما بعد الرضاعة 1 : من 18 < 24 شهر,هل ياكل الطفل بشكل يتناسب مع عادات الاسرة بمساعدة ؟,2
بعد العناية الذاتية,من سنتين الى < سنتين ونصف مرحلة مابعد الرضاعة رقم 2 : من 24 < 30 شهر,هل يجفف الطفل يديه بدون مساعدة بحيث لا يعاد عليها بعد ان تكون قد غسلت بواسطة شخص اخر ؟,2
بعد العناية الذاتية,من سنتين الى < سنتين ونصف مرحلة مابعد الرضاعة رقم 2 : من 24 < 30 شهر,هل يبعد الطفل عن الاخطار العامة ( الدرج العالي ، الأماكن المرتفعة ،الزجاج المكسور ، الشوارع المزدحمه ، الحيوانات الغريبة ، او غيرها من الأمثلة ؟),2
بعد العناية الذاتية,من سنتين الى < سنتين ونصف مرحلة مابعد الرضاعة رقم 2 : من 24 < 30 شهر,هل يأكل الطفل بشكل يتناسب مع عادات الاسرة مع قليل من السكب؟,2
بعد العناية الذاتية,من سنتين ونصف الى < 3 سنوات مرحلة مابعد الرضاعة رقم 3 : 30< 36 شهر,هل يفك الطفل ازرار كبيرة سحابات ربطات احذية ؟,2
بعد العناية الذاتية,من سنتين ونصف الى < 3 سنوات مرحلة مابعد الرضاعة رقم 3 : 30< 36 شهر,هل يرتدي الطفل معطفه بدون مساعدة لا يتضمن هذا التزرير؟,2
بعد العناية الذاتية,من سنتين ونصف الى < 3 سنوات مرحلة مابعد الرضاعة رقم 3 : 30< 36 شهر,هل يرتدي الطفل حذاءه ؟ ليس من الضروري ان يضع القدم الصحيحة وان يفك او يربط الحذاء كي ينجح في هذا المهمة ؟,2
بعد العناية الذاتية,من 3 سنوات الى < 3 سنوات ونصف مرحلة ماقبل المدرسة من 36< 42 شهر,هل يؤدي الطفل احتياجاته المرحاضية دون مساعدة ؟ ( يتضمن هذا الخلع المسح الارتداء ولا يحتاج ليعيد التزرير او ربط السحاب لكي ينجح في هذه المهمة ),2
بعد العناية الذاتية,من 3 سنوات الى < 3 سنوات ونصف مرحلة ماقبل المدرسة من 36< 42 شهر,هل يبقى الطفل نظيفا بحيث لا يتبول على نفسه الا مرة واحدة على الأكثر بما في ذلك الاستيقاظ، النوم ، البول ، البراز ؟,2
بعد العناية الذاتية,من 3 سنوات الى < 3 سنوات ونصف مرحلة ماقبل المدرسة من 36< 42 شهر,هل يغسل الطفل عادة وجهه ويداه بطريقة مناسبة ويجففها دون مساعدة ؟,2
بعد العناية الذاتية,3 سنوات ونصف الى < 4 سنوات ونصف مرحلة ما قبل المدرسة 42 < 54 شهر,هل يلبس الطفل كليا وبمهاراة عالية تمكنه من التحكم بقميص او بلوزة عدا الربط التزرير؟,4
بعد العناية الذاتية,3 سنوات ونصف الى < 4 سنوات ونصف مرحلة ما قبل المدرسة 42 < 54 شهر,هل يخفي الطفل لعبه بترتيب عندما يطلب منه ذلك ؟ يحتاج الطفل ان يذكر اكثر من مرة,4
بعد العناية الذاتية,3 سنوات ونصف الى < 4 سنوات ونصف مرحلة ما قبل المدرسة 42 < 54 شهر,هل يحضر الطفل لنفسه صحن بسكويت وحليب ؟ يتضمن هذا احضار البسكويت ، الحليب وصب الحليب على البسكويت في الصحن ؟,4
بعد العناية الذاتية,4 سنوات ونصف الى < 5 سنوات ونصف مرحلة ماقبل المدرسة من 54 < 66 شهر,هل يفرد الطفل المربى او الزبدة على الخبز او البسكويت باستخدام السكين ؟,6
بعد العناية الذاتية,4 سنوات ونصف الى < 5 سنوات ونصف مرحلة ماقبل المدرسة من 54 < 66 شهر,هل يحضر الطفل شطيرة ؟ يتضمن هذا القدرة على احضار الطعام الصحيح من الثلاجة او الخزانة او صندوق الخبز ووضع الأشياء بالشطيرة,6
بعد العناية الذاتية,5 سنوات ونصف الى < 6 سنوات ونصف المرحلة الابتدائية 1: من 66 < 78 شهرا,هل يقطع الطفل اللحم او الخبز واي طعام مشابه بواسطة السكين ؟ ربما يحتاج الى المساعدة لقطع الطعام السميك كالدجاج او اللحم ؟,4
بعد العناية الذاتية,5 سنوات ونصف الى < 6 سنوات ونصف المرحلة الابتدائية 1: من 66 < 78 شهرا,هل يمشط الطفل شعره بمهارة كافية بحيث لا يحتاج مساعدة شخص كبير الا في حالات خاصة ؟,4
بعد العناية الذاتية,5 سنوات ونصف الى < 6 سنوات ونصف المرحلة الابتدائية 1: من 66 < 78 شهرا,هل يؤدي الطفل مهمات منزلية لا تحتاج ان تعاد من قبل من هم اكبر منه سنا مرة في الأسبوع ؟ عمل المهمات بعد ان يطلب منه مقبول ؟,4
بعد العناية الذاتية,6 سنوات ونصف الى < 7 سنوات ونصف المرحلة الابتدائية 2: من 78 < 90 شهر,هل بنى الطفل او اصلح شيئا يحتاج الى معدات حقيقية ( بدون مساعدة مثل خيط وابره ، شاكوش ومسمار ؟ الكبار ربما يساعدوه باعطاء التعليمات ولكن ليس بالعمل ( خياطة زر او اصلاح عربة الطفل تعتبر امثلة جيدة ),4
بعد العناية الذاتية,6 سنوات ونصف الى < 7 سنوات ونصف المرحلة الابتدائية 2: من 78 < 90 شهر,هل يغتسل الطفل بشكل مقبول دون مساعدة ( اعداد حوض الاستحمام او الدش وتجفيف نفسه ),4
بعد العناية الذاتية,6 سنوات ونصف الى < 7 سنوات ونصف المرحلة الابتدائية 2: من 78 < 90 شهر,هل يأكل الطفل بشكل مستقل ودون مساعدة مستخدما الأدوات المناسبة لعادات الاسرة ؟,4
بعد العناية الذاتية,7 سنوات ونصف الى < 8 سنوات ونصف المرحلة الابتدائية 3 : من90 < 102 شهر,هل يختار الطفل ما سيرتديه بنفسه بشكل مناسب ؟ ملابس المدرسة المناسبات الرسمية ، الطقس,4
بعد العناية الذاتية,7 سنوات ونصف الى < 8 سنوات ونصف المرحلة الابتدائية 3 : من90 < 102 شهر,هل يؤدي الطفل مهمتين على الأقل مثل ترتيب غرفة نومه وملابسه ؟ غسل الملابس ، كيها ، تلميع الأحذية ، تنظيف الأثاث ومسحه ، ترتيب الاسرة : امثلة جيدة / يسمح بالتذكير للقيام بهما ؟,4
بعد العناية الذاتية,7 سنوات ونصف الى < 8 سنوات ونصف المرحلة الابتدائية 3 : من90 < 102 شهر,هل يقتصد الطفل ويوفر المال بصفة جيدة بحيث يشتري بعض الأشياء بنفسه بدون ان يخبر شخصا كبيرا؟,4
بعد العناية الذاتية,8 سنوات الى < 9 سنوات ونصف المرحلة الابتدائية النهائية 102< 114 شهرا,هل يشتري الطفل بضعة أشياء في وقت واحد ؟ ان يذهب الى اكثر من محل واحد ان لم تكن كل الأشياء المطلوبة موجودة في نفس المحل وان يحسب المال المصروف والفكة المستلمة ؟,4
بعد العناية الذاتية,8 سنوات الى < 9 سنوات ونصف المرحلة الابتدائية النهائية 102< 114 شهرا,هل اعد الطفل اثنين من المأكل على الاقل مثل البيض بأي طريقة ، البشار ( حبوب الذرة ) ، الشوربة ، او الكعك ، او الجلو ( الجلي ) ؟,4
بعد العناية الذاتية,8 سنوات الى < 9 سنوات ونصف المرحلة الابتدائية النهائية 102< 114 شهرا,هل يحمل الطفل وحدة مسؤولية رعاية حيوان ؟ قد يتطلب ذلك مساعدة شخص كبير بحسب حجم ونوع الحيوان ولكنه يجب ان يكون مسؤولا عن اطعامه ، غسله ، وايواءه ، بانتظام وبدون تذكير ؟,4
البعد الحركي,النصف الأول من السنة الأولى حديثي الولادة يوم < 6 شهور,هل يرفع الطفل راسه الى اعلى بدون دعم لمدة دقيقة على الأقل عندما يكون ملقيا على بطنه ؟,2
البعد الحركي,النصف الأول من السنة الأولى حديثي الولادة يوم < 6 شهور,هل يتدحرج الطفل من على بطنه الى ظهره او بالعكس دون مساعدة ؟,2
البعد الحركي,النصف الأول من السنة الأولى حديثي الولادة يوم < 6 شهور,هل ينتقل الطفل من مكان الى اخر باي طريقة ؟ زاحفا وبطنه على ارض ، او حبوا وبطنه مرتفعة عن الأرض ( بأي طريقة عدا الدحرجة ) ؟,2
البعد الحركي,النصف الثاني من السنة الأولى الرضيع 1:6 < 12 شهرا,هل يلتقط الطفل الأشياء المقدمة له باصبع الابهام مع اصبع اخر او اصبعين ( هكذا ينجح ) او هل يلتقط الشيء بكل يده ( وبهذه الطريقة يفشل ) ؟,2
البعد الحركي,النصف الثاني من السنة الأولى الرضيع 1:6 < 12 شهرا,هل ينتقل الطفل من وضع الزحف الى الجلوس او الوقوف ؟ قد يستعين بالاثاث ولكن ليس بشخص؟,2
البعد الحركي,النصف الثاني من السنة الأولى الرضيع 1:6 < 12 شهرا,هل توقف الطفل عن سيلان اللعاب ( الريالة ) ؟ ويكون قد نجح في هذا البند ان كان ذلك بسبب التسنين او اثناء الاكل ؟,2
البعد الحركي,من سنة الى < سنة ونصف الرضيع 2: من 12< 18 شهر,هل يصعد الطفل السلم ( وافقا وليس زاحفا ) مستندا على الحائط او الدرابزين او ممسكا بيد شخص لمساعدته ؟ واضعا كلتا القدمين على كل درجة وبهذه الطريقة يكون قد نجح ؟,2
البعد الحركي,من سنة الى < سنة ونصف الرضيع 2: من 12< 18 شهر,هل يمشي الطفل جيدا بدون مساعدة داخل المنزل وبدون ان يرقبه احد بحيث لا يقع او يتعثر بالاشياء ؟,2
البعد الحركي,من سنة الى < سنة ونصف الرضيع 2: من 12< 18 شهر,هل يفك الطفل غطاء الورق عن قطعة الحلوى او قطعة اللبان ( العلكة ) او شيء ملفوف بورق ؟,2
البعد الحركي,من سنة ونصف الى < سنتين مرحلة ما بعد الرضاعة 1: من 18 < 24 شهر,هل يقذف الطفل الشيء على بعد متر واحد على الأقل بالاتجاه الذي يريده ؟ في حالة ما قذفه عفوا لا يعتبر قد نجح ؟,2
البعد الحركي,من سنة ونصف الى < سنتين مرحلة ما بعد الرضاعة 1: من 18 < 24 شهر,هل يصعد الطفل الدرج واضعا قدم واحدة على كل درجة ؟ على ان يستمر بالصعود على الدرج وبنفس الطريقة السابقة ؟ ولكن ربما يضع كلتا قدميه على كل درجة اثناء النزول ؟,2
البعد الحركي,من سنة ونصف الى < سنتين مرحلة ما بعد الرضاعة 1: من 18 < 24 شهر,هل يحرك الطفل يديه ورجليه الى اعلى واسفل بطريقة منظمة مقلدا شخص اخر يقف امامه ؟,2
البعد الحركي,من سنتين الى < سنتين ونصف مرحلة مابعد الرضاعة رقم 2: من 24 < 30 شهر,هل يرسم الطفل خط عمودي مقلدا باستخدام القلم او الوان الشمع او فرشاة الرسم ؟,2
البعد الحركي,من سنتين الى < سنتين ونصف مرحلة مابعد الرضاعة رقم 2: من 24 < 30 شهر,هل يقفز بكلتا قدميه معا دون ان يقع من أعلى شيء ( درجة او صندوق ) يرتفع 20 سم على الأقل عن الأرض ؟,2
البعد الحركي,من سنتين الى < سنتين ونصف مرحلة مابعد الرضاعة رقم 2: من 24 < 30 شهر,هل يتحرك الطفل من مكان لاخر قفزا او وثبا بكلتا قدميه معا؟ ( على الطفل ان يذهب بهذه الطريق 3 امتار على الأقل ),2
البعد الحركي,من سنتين ونصف الى < 3 سنوات مرحلة ما بعد الرضاعة رقم 3 : 30< 36 شهر,هل يقص الطفل قطعة قماش او ورقة بيد واليد الأخرى يستعملها لحمل الورقة او قطعة القماش ؟ (قد يحملها شخص اخر ولكن على الطفل ان يقص لا ان يمزق ) ؟,2
البعد الحركي,من سنتين ونصف الى < 3 سنوات مرحلة ما بعد الرضاعة رقم 3 : 30< 36 شهر,هل يقفز الطفل للأمام على قدم واحدة بدون سند لمسافة واحدة ونصف متر على الأقل ؟,2
البعد الحركي,من سنتين ونصف الى < 3 سنوات مرحلة ما بعد الرضاعة رقم 3 : 30< 36 شهر,هل يصعد الطفل على الدرج ويهبط منه واضعا قدم واحدة على كل درجة ؟ قد يستخدم الحائط او الدرابزين للتوازن او كساند وهذا مقبول ؟,2
البعد الحركي,من 3 سنوات الى < 3 سنوات ونصف مرحلة ما قبل المدرسة من 36< 42 شهر,هل يرمي الطفل كرة ( من أي حجم ) لاخر بالغ واقف على بعد متر ونصف على الأقل ؟,2
البعد الحركي,من 3 سنوات الى < 3 سنوات ونصف مرحلة ما قبل المدرسة من 36< 42 شهر,هل يمسك الطفل يد الباب الداخلي ويفتحه ؟ لا بد ان يكون الطفل قادرا على ان يلف يد الباب ويدفع باب الحمام : المقفل لكي يفتحه ؟,2
البعد الحركي,من 3 سنوات الى < 3 سنوات ونصف مرحلة ما قبل المدرسة من 36< 42 شهر,هل يقص الطفل دائرة قطرها 5 سم مرسومة على ورقة على ان لا يبتعد عن الخط اكثر من 5 مللميتر داخل او خارج الدائرة ؟ ( على الطفل ان يحمل الورقة بيد واحدة بينما يقص بالاخرى ؟,2
البعد الحركي,3 سنوات ونصف الى < 4 سنوات ونصف مرحلة ما قبل المدرسة من 42< 54 شهر,هل يلتقط الطفل كرة ( من أي حجم ) المقذوفة له من شخص بالغ يقف امامه على بعد متر ونصف؟ (50% من المرات ),4
البعد الحركي,3 سنوات ونصف الى < 4 سنوات ونصف مرحلة ما قبل المدرسة من 42< 54 شهر,هل يقفز الطفل الى الامام على قدم واحدة لمسافة 3 متر على الأقل دون ان يقف ثم يعاود القفز ؟,4
البعد الحركي,3 سنوات ونصف الى < 4 سنوات ونصف مرحلة ما قبل المدرسة من 42< 54 شهر,هل يقفز الطفل عن الحبل بقدم واحدة وبكلتا قدميه مرتين على الأقل ؟,4
البعد الحركي,4 سنوات ونصف الى < 5 سنوات ونصف مرحلة ماقبل المدرسة من 54 < 66 شهر,هل يفتح الطفل باب ويقفله بالمفتاح ( قفل بمفتاح ) ؟,4
البعد الحركي,4 سنوات ونصف الى < 5 سنوات ونصف مرحلة ماقبل المدرسة من 54 < 66 شهر,هل يشكل الطفل كرة من الطين ( المعجونة او الصلصال ) صلبة بما فيه الكفاية بحيث تبقى متماسكا ان قذفت على مسافة 2.250 متر ؟,4
البعد الحركي,4 سنوات ونصف الى < 5 سنوات ونصف مرحلة ماقبل المدرسة من 54 < 66 شهر,هل يقفز عن عدة أشياء دون توقف ؟ ( يجب ان تكون الأشياء على ارتفاع 20 سم على الأقل ) ؟,4
البعد الحركي,5 سنوات ونصف الى < 6 سنوات ونصف المرحلة الابتدائية 1: من 66< 78 شهرا,هل يلمس الطفل أصابع قدميه عندما يكون واقفا 3 مرات دون ان يثني ركبته ؟,4
البعد الحركي,5 سنوات ونصف الى < 6 سنوات ونصف المرحلة الابتدائية 1: من 66< 78 شهرا,هل يقص الطفل صورة حيوان او شخص بدون ان يبتعد اكثر من 1-2 سم عنها ؟,4
البعد الحركي,5 سنوات ونصف الى < 6 سنوات ونصف المرحلة الابتدائية 1: من 66< 78 شهرا,هل يلفظ الطفل الحبل ( يمسك طرفي الحبل وينط لـ 3 مرات متتالية عندما يكون الحبل فوق راسه او اسفل قدميه ؟,4
البعد الحركي,6 سنوات ونصف الى < 7 سنوات ونصف المرحلة الابتدائية 2: من 78 < 90 شهرا,هل يلتقط الطفل ويحمل كرسي مطبخ او سفرة من غرفة الى أخرى ؟,4
البعد الحركي,6 سنوات ونصف الى < 7 سنوات ونصف المرحلة الابتدائية 2: من 78 < 90 شهرا,هل يجري الطفل سريعا بدرجة كافية ليتسابق مع طفل آخر لا يعاني من أي تأخر عمره 8 سنوات في سباق او لعبة المساكة ؟,4
البعد الحركي,6 سنوات ونصف الى < 7 سنوات ونصف المرحلة الابتدائية 2: من 78 < 90 شهرا,هل يمسك الطفل الكرة بيد واحدة عندما تقذف اليه برقة من مسافة 2.5 متر _ 50% من الوقت على الأقل ) ؟,4
البعد الحركي,7 سنوات ونصف الى <8 سنوات ونصف المرحلة الابتدائية 3 : من 90 < 102 شهر,هل يشعل الطفل عود كبريت ( 4 محاولات على الأقل ) ؟ ان اعتبر هذا الشيء غير مناسبا استعملي 35 ، 36 لهذه المرحلة مع إعطاء 6 شهور بدلا من اربع لكل سؤال ؟,4
البعد الحركي,7 سنوات ونصف الى <8 سنوات ونصف المرحلة الابتدائية 3 : من 90 < 102 شهر,هل يحرك الطفل فأرة الحاسوب ويستخدمها في الرسم والتلوين ؟,4
البعد الحركي,7 سنوات ونصف الى <8 سنوات ونصف المرحلة الابتدائية 3 : من 90 < 102 شهر,هل يغمز الطفل بعين واحدة عندما يطلب منه دون اغماض العين الثانية ؟,4
البعد الحركي,8 سنوات ونصف الى < 9 سنوات ونصف المرحلة الابتدائية النهائية 102 < 114 شهرا,هل ينغم الطفل لحن معروف بالتصفير او النقر باللسان او التمته ؟,4
البعد الحركي,8 سنوات ونصف الى < 9 سنوات ونصف المرحلة الابتدائية النهائية 102 < 114 شهرا,هل يتبارى الطفل بالرياضة ( كرة قدم ، السلة ، الطائرة ، او العدو ) مع أطفال اخرين من عمر 10- 11 سنة وظهر على الأقل نفس مهارة الأطفال الاخرين من المجموعة ؟ .,4
البعد الحركي,8 سنوات ونصف الى < 9 سنوات ونصف المرحلة الابتدائية النهائية 102 < 114 شهرا,هل يمشي الطفل او يركض في مكان مناسب بشكل متواصل مسافة 1500 متر خلال مدة لا تزيد عن 9 دقائق .,4