id,evaluation_axes_id,main_goal_id,sub_goal_id,skills_analysis,required
1,1,1,1,يصنع اتصالا بصريا كطلب لانتباه الآخرين أو معززات أخرى مرتين (O),0
2,1,1,1,يتحرك بالقرب من المادة المعززة ليشير إلى وجود اجراء تعزيزي مرتين(O),0
3,1,1,1,يدفع شخصا كبيرا حتى يصل للمادة المعززة مرتين (O),0
4,1,1,1,يشير أو يومئ باتجاه المعزز بقصد الحصول عليه مرتين (O),0
5,1,1,2,يشير إلى معززين مختلفين للحصول عليهم مرتين(E),0
6,1,1,2,يقول أو يومئ بنعم أو لا عندما تعرض عليه معززات مرتين (E),0
7,1,1,2,يصدر طلبين مختلفين بدون دافع المصادأة –يمكن استخدام الدافع اللفظي او المادي (E),1
8,1,1,2,يصدر طلب واحد بشكل عفوي بدون دافع مصاداة أو تقليد –يمكن استخدام الدافع المادي (O),1
9,1,1,2,يعمم طلبين معروفين خلال شخصين أو مكانين مختلفين (E),1
10,1,1,3,يصدر طلبين بشكل عفوي (بدون دافع لفظي ) –يسمح بوجود المادة(O),1
11,1,1,3,يصدر 5 طلبات بدون دافع مصاداة أو تقليد –يمكن استخدام الدافع اللفظي او المادي (O),1
12,1,1,3,يعمم 3 طلبات خلال مثالين من المادة المرغوبة (E),1
13,1,1,3,يصدر 6 طلبات مختلفة بدون دافع مصاداة أو تقليد –يمكن استخدام الدافع اللفظي أو المادي ( E),1
14,1,1,4,يطلب الانتباه مرتين مع نوع معرف من الاستجابة (O),0
15,1,1,4,"يصدر طلبين بدون وجود المادة-باستخدام ""ماذا تريد؟""(O)",1
16,1,1,4,يصدر طلبين بدون دافع لفظي-يمكن استخدام الدافع المادي (O),1
17,1,1,4,يطلب من الآخرين الانتباه لنفس المثير الذي ينتبه هو إليه 5 مرات خلال اليوم (O),0
18,1,1,4,يصدر طلب واحد لإزالة نشاط أو مادة غير مرغوبة(E),0
19,1,1,5,يصدر 3 طلبات مختلفة بدون وجود المادة المطلوبة –يسمح باستخدام الدافع اللفظي(E),1
20,1,1,5,يصدر 3 طلبات مختلفة بدون وجود المادة المطلوبة –يسمح باستخدام الدافع المادي (E),1
21,1,1,5,الطلب يحتوي تنغيم بلائم الإجراء التعزيزي الحالي مرتين (O),0
22,1,1,5,يكتسب طلب جديد خلال اقل من عشرين محاولة تدريبية (T),0
23,1,1,5,يتابع إصدار الطلب مرتين إذا لم يتم توفير المادة المطلوبة (E),0
24,1,2,6,يصدر بشكل عفوي خمس طلبات بدون وجود الشيء المطلوب وبدون دافع لفظي (O),1
25,1,2,6,يصدر 15 طلب مختلف بدون دافع مصاداة أو تقليد-يسمح بوجود المادة (E),1
26,1,2,6,يطلب 5 مواد مفقودة بدون دافع (باستثناء الدافع اللفظي) (E),1
27,1,2,6,يعمم 4 طلبات لأربع أشخاص مختلفين (E),0
28,1,2,6,يحتفظ بالطلب المكتسب حديثًا للمادة المفقودة لما بعد 24 ساعة من فقدان الاتصال بتلك المادة (E),0
29,1,2,7,يطلب 5 مرات بجمل أو مقاطع تتكون من كلمتين (TO:60min),1
30,1,2,7,يطلب من الآخرين إصدار حركتين بوجود الدافع اللفظي (E),1
31,1,2,7,يصدر طلبين لإزالة مواد أو أنشطة غير مرغوبة (O),1
32,1,2,7,يظهر تعميم استجابة لطلبين مختلفات (O),0
33,1,2,7,يحتوي الطلب تنغيم ملائم للإجراء التعزيزي الإيجابي والسلبي 5 مرات (O),0
34,1,2,7,يطلب المساعدة مرتين (O),0
35,1,2,7,يظهر استخدام متكرر للطلب (O),0
36,1,2,8,يطلب 5 مرات بجمل أو مقاطع تتكون من كلمتين (TO:60min),1
37,1,2,8,يطلب معلومات مرتين باستخدام سؤال يبدأ بماذا (E),1
38,1,2,8,يطلب باستخدام الضمائر مرتين (O),1
39,1,2,8,الطلب يحدث باستخدام ثلث مقاطع مختلفة للطلب (أنا أريد... هل أستطيع...) (O),0
40,1,2,8,يطلب باستخدام نعم ولا 4 مرات (E),0
41,1,2,8,يطلب معلومات مرتين باستخدام أسئلة تبدأ باين (E),1
42,1,2,9,يصدر بشكل عفوي 50 طلب خلال النهار (يسمح بوجود المواد بدون دافع لفظي) (O),1
43,1,2,9,يكتسب طلبين من تدريب التسمية أو المصادأة فقط (O),1
44,1,2,9,يطلب معلومات 25 مرة باستخدام أي صيغة سؤال (O),1
45,1,2,9,يطلب باستخدام الصفات 5 مرات (O),1
46,1,2,9,يصدر 5 طلبات في 30 ثانية (TO:30sec),1
47,1,2,9,يحتوي الطلب مقاطع من ثلاث كلمات 10 مرات (O),0
48,1,2,10,يصدر خمس طلبات جديدة بدون تدريب (O),1
49,1,2,10,يظهر تعميم استجابة ل10 طلبات مختلفة (O),0
50,1,2,10,يطلب باستخدام الصفات خمس مرات- يمكن استخدام الدافع اللفظي وغير اللفظي (O),1
51,1,2,10,يطلب معلومات 3 مرات باستخدام أسئلة استفهامية (O),1
52,1,2,10,يطلب بشكل عفوي من الآخرين إصدار 20 حركة مختلفة (O),1
53,1,2,10,يطلب بشكل عفوي من أشخاص جدد 5 مرات في اليوم (O),0
54,1,3,11,يطلب من أقرانه مرتين باستخدام أسئلة استفهامية (O),1
55,1,3,11,يطلب بشكل عفوي الانتباه 5 مرات (O),0
56,1,3,11,يصدر 100 أو أكثر طلب مختلف في أسبوع (TO:1week),1
57,1,3,11,الطلب يحتوي مقاطع من ثلاث كلمات لعشر مرات (O),1
58,1,3,11,يطلب كمية محددة من المعززات مرتين (O),0
59,1,3,12,يطلب إزالة مادة أو نشاط غير مرغوب مرتين (E),1
60,1,3,12,يطلب من الآخرين تطبيق حركات من خطوتين وذلك لمرتين (O),1
61,1,3,12,يقول تفضل وشكرًا عند وجود الدافع اللفظي غير المباشر من الكبار (E),1
62,1,3,12,يظهر تعميم إجراء تعزيزي بالسؤال عن معززين مختلفين بنفس الكلمات (O),0
63,1,3,12,يطلب من الآخرين المشاركة في نشاط لمرتين (O),1
64,1,3,13,يطلب بشكل عفوي استخدام المرحاض مرتين (O),0
65,1,3,13,يطلب من الآخرين الانتباه إلى سلوكياته غير اللفظية مرتين (O),0
66,1,3,13,يطلب من الآخرين الانتباه إلى جهة معينة من البيئة حوله مرتين (O),0
67,1,3,13,يطلب باستخدام صفتين مختلفتين (O),1
68,1,3,13,يطلب باستخدام حرفين جر مختلفين (O),1
69,1,3,13,يطلب باستخدام حالين مختلفين (O),1
70,1,3,14,يطلب تعاطف أو الدعم العاطفي من الآخرين مرتين (O),0
71,1,3,14,يطلب من الآخرين إيصال مادة محددة لشخص آخر مرتين (E),0
72,1,3,14,يطلب تعليمات لإنهاء المهمة مرتين (O),0
73,1,3,14,يطلب بشكل عفوي باستخدام 3 أجزاء رئيسية من الكلام في جملة واحدة مرتين (O),1
74,1,3,15,الطلب يحتوي مقاطع من 5 كلمات 10 مرات (TO:60min),1
75,1,3,15,يطلب معلومات حول أحداث مستقبلية مرتين (O),0
76,1,3,15,يطلب الانتباه لحدث خاص مرتين (O),0
77,1,3,15,يطلب معلومات 5 مرات باستخدام أسئلة لماذا (O),0
78,1,3,15,يطلب معلومات 5 مرات باستخدام أسئلة كيف (O),0
79,1,3,15,يطلب من الآخرين الانتباه لسلوك المحادثة الصادر منه 5 مرات (O),1
80,2,4,16,"يسمي شخص واحد معتاد عليه , حيوان أليف, أو مادة باستخدام الدافع اللفظي والشخص المعزز(E)",1
82,2,4,18,يعمم استجابات معروفة خلال شخصين أو مكانين مختلفين (E),0
83,2,4,18,يعمم التسمية خلال مثالين لمادة وذلك لمادتين مختلفتين (T),0
84,2,4,19,ينظر إلى صور العائلة وباستخدام الدافع اللفظي ليسمي فردين من العائلة( T),0
85,2,4,19,يسمي صورتين من كتاب أو بطاقات صور (T),0
86,2,4,20,يسمي 5 صور (T),1
87,2,4,20,يحتفظ بالتسمية المكتسبة حديثا لمدة 24 ساعة بدون تدريب(T),0
88,2,4,20,يعمم التسمية خلال ثلاثة أمثلة لمادة وذلك لخمس مواد(T),0
89,2,5,21,"يسمي 4 أشخاص مختلفين, حيوانات أليفة أو شخصيات بأسمائها المحددة (T)",0
90,2,5,21,يسمي حركتين عندما يطلب منه ذلك (T),1
91,2,5,21,يكتسب تسمية جديدة في أقل من 20 محاولة تدريبية (T),0
92,2,5,21,يسمي 5 مواد خلال مدة 15 ثانية (T),0
93,2,5,22,يسمي 3 أجزاء من الجسم (T),0
94,2,5,22,يسمي مثيرين سمعيين (T),0
95,2,5,22,يصدر بشكل عفوي تسمية تحتوي كلمتين وذلك خمس مرات (E),1
96,2,5,22,يسمي حركتين مختلفتين عندما يُسأل ماذا يفعل؟ (T),1
97,2,5,22,يسمي 40 مادة عندما يُسأل ما هذا؟ (T),1
98,2,5,23,يسمي مثيرين باللمس (T),0
99,2,5,23,يسمي خمس تراكيب اسم فعل أو فعل اسم (T),1
100,2,5,23,يسمي مادتين أو أكثر من 10 صفحات مختلفة في كتاب عندما يُسأل ماذا ترى هنا؟ (T),0
101,2,5,23,يلقي نظرة سريعة على المستمع عندما يسمي في خمس مناسبات (O),0
102,2,5,24,يسمي 25 تركيب- اسم (T),0
103,2,5,24,يكتسب تسمية جديدة في أقل من 15 محاولة تدريبية (T),0
104,2,5,24,يسمي بشكل عفوي مواد في كتاب أو تلفاز أو فيديو 5 مرات (O),0
105,2,5,24,يتعلم تسميتين جديدتين بدون تدريب مباشر (T),0
106,2,5,24,يظهر تعميم استجابة ل5 مواد (E),0
107,2,5,25,يسمي 20 حركة (E),1
108,2,5,25,يسمي مثيرين بالتذوق (E),0
109,2,5,25,يسمي 20 مادة في دقيقة واحدة من اختبار الطلاقة (T),0
110,2,5,25,يسمي لونين مختلفين (E),1
111,2,5,25,يسمي شكلين مختلفين (E),1
112,2,6,26,يسمي مثيرين بالشم (E),0
113,2,6,26,يكتسب 5 تسميات جديدة في أسبوع بدون تدريب مباشر(E),0
114,2,6,26,يسمي شخصين باسمهم الأول (ليسوا من العائلة) (E),0
115,2,6,26,يسمي 5 فئات (T),0
116,2,6,26,يسمي 5 أماكن (T),0
117,2,6,26,يسمي 25 مادة و/أو نشاط بنعم أو لا (T),0
118,2,6,26,يسمي وظيفة 25 مادة (T),0
119,2,6,26,يسمي خاصيتين محددتين ل25 مادة أو شخص (E),0
120,2,6,26,التعميم يحدث على أمثلة جديدة من المادة أو الأحداث من المحاولة الأولى وذلك لخمس مواد (E),0
121,2,6,27,يسمي فئة 25 مادة (T),0
122,2,6,27,يسمي الاختلاف أو الشيء المفقود في 10 صور (T),0
123,2,6,27,يسمي فئة ووظيفة 10 مواد (T),1
124,2,6,27,يسمي علاقتين طرفيتين (T),1
125,2,6,27,يسمي أشخاص باستخدام ضميرين مختلفين (T),1
126,2,6,27,"يسمي بشكل عفوي وظيفة, خصائص وفئة مادة وذلك لخمس مواد (O)",0
127,2,6,27,يعمم خصائص وظيفة وفئة التسمية ل10 مواد لكل مجموعة (T),0
128,2,6,28,يسمي الأشخاص حسب جنسهم مستخدمًا أربع مصطلحات مختلفة (T),0
129,2,6,28,يسمي بشكل عفوي سلوك الآخرين مرتين (O),0
130,2,6,28,يسمي زوج من الصفات المرتبطة (T),1
131,2,6,28,يسمي بشكل عفوي باستخدام صفتين مختلفتين (O),1
132,2,6,28,يسمي بشكل عفوي باستخدام حالين مختلفين (O),1
133,2,6,28,يسمي بشكل عفوي ملكية الأشياء مرتين (O),1
134,2,6,29,يسمي الأشخاص حسب علاقتهم باستخدام 4 مصطلحات مختلفة (E),0
135,2,6,29,يسمي 5 تراكيب (صفة-اسم) في جملة كاملة (E),1
136,2,6,29,يسمي 5 تراكيب (فعل-حال) في جملة كاملة (E),1
137,2,6,29,يسمي 5 تراكيب (حرف جر-اسم) في جملة كاملة (E),1
138,2,6,29,يسمي 5 تراكيب (فاعل-فعل-اسم) في جملة كاملة (T),1
139,2,6,30,يسمي 3 حالات عاطفية عن نفسه أو عن الآخرين (E),0
140,2,6,30,يسمي 5 إيماءات متكررة لها وظيفة لفظية (T),0
141,2,6,30,يسمي 5 شخصيات تقدم المساعدة في المجتمع (T),0
142,2,6,30,يسمي استخدام كلمتين للرفض 5 مرات (T),0
143,2,6,30,"يسمي 5 أحداث جماعية, اجتماعية, مجتمعية (T)",0
144,2,6,30,يسمي بشكل عفوي ظرفين اجتماعيين مختلفين (O),0
145,2,6,30,يصدر بشكل عفوي تسمية دون تدريب في جمل تشمل على الأقل 5 كلمات 5 مرات (O),0
146,3,7,31,يدير رأسه ليحدد مصدر الصوت (O),0
147,3,7,32,يبتسم عند سماعه صوت الشخص الذي يعتني به لمرتين (O),0
148,3,7,33,يقاطع نشاط لعب عندما يدعوه احد الأشخاص باسمه الخاص (E),0
149,3,7,33,"يستجيب ل لا ,سخن,توقف,أو أي أمر أخر خلال سياق كلام مناسب(O)",0
150,3,7,33,ينتبه لمادة أو صورة عندما تسمى (بدون تمييز)خمس مرات (O),1
151,3,7,33,يستجيب لتعليمات لفظية بسيطة عدد 2(تتكون من جزء واحد) خلال السياق (E),1
152,3,7,33,يميز بين شخصين اثنين من العائلة و/أو حيوانات أليفة عندما يتم تسميتهم(E),1
153,3,7,33,يميز بين مادتين عندما يتم عرضهم أمام نظر الطفل(T),1
154,3,7,33,"ينظر إلى , يلمس أو يشير إلى فرد العائلة الصحيح, الحيوان الأليف أو معززات أخرى عندما تعرض في مجموعة تتكون من مادتين وذلك خمس مرات (E)",1
155,3,7,34,يختار المادة الصحيحة من مجموعة تتكون من مادتين وذلك لعشر مواد او صور مختلفة(T),1
156,3,7,34,يحافظ على الاتصال البصري مع المتكلم لمدة 2 ثانية (O),0
157,3,7,34,يلمس جزأين من جسمه(T),0
158,3,7,34,يطبق حركتين جسديتين(T),1
159,3,7,34,يختار المادة الصحيحة من مجموعة تتكون من ثلاثة عندما يتم تسميتها وذلك لعشر مواد مختلفة (T),0
160,3,7,34,يعمم بتمييز المستمع مهمة خلال مثالين لخمس مواد مختلفة(T),0
161,3,7,35,يحدد 5مواد خلال عشر ثواني بالتمييز البصري (T),0
162,3,7,35,يظهر 6 حركات جسدية مختلفة عند الطلب بدون دافع بصري(T),1
163,3,7,35,يحتفظ بمهارة المستمع المكتسبة لما بعد 24 ساعة بدون تدريب (T),0
164,3,7,35,يصدر بشكل عفوي استجابة المستمع(تمييز المستمع)بدون دوافع لمرتين (O),0
165,3,7,35,"يعمم تسميات مستمع معروفة خلال 3 أشخاص معروفين , 3 أماكن وثلاثة أوقات من النهار(T)",0
166,3,8,36,يختار المادة الصحيحة من مجموعة غير مرتبة تتكون من 5 مواد وذلك ل25 مادة مختلفة (T),1
167,3,8,36,يكتسب مهارة مستمع جديدة في أقل من 25 محاولة تدريبية (T),0
168,3,8,36,"يميز بين 6 أشخاص, حيوانات أليفة أو شخصيات بالاسم (T)",0
169,3,8,36,يعمم في مهمة المستمع خلال 3 أمثلة ل25 مادة مختلفة (T),1
170,3,8,37,يذهب ل3 أشخاص محددين عندما يُطلب منه ذلك (T),0
171,3,8,37,يؤشر إلى مادة مسماة في كتب وذلك ل5 مواد (T),0
172,3,8,37,يختار خمس مواد من البيئة الطبيعية عندما يطلب منه ذلك (E),0
173,3,8,37,يظهر بشكل عفوي خمس مهارات مستمع في البيئة الطبيعية (O),0
174,3,8,38,يذهب إلى 3 أماكن محددة عندما يطلب منه ذلك (T),0
175,3,8,38,يختار المادة الصحيحة من مجموعة تتكون من 8 مواد تشمل مثيران متشابهان وذلك ل20 مادة (T),1
176,3,8,38,يختار الشيء عندما يعطى صوته وذلك ل5 أشياء (T),0
177,3,8,38,يختار مادتين من مجموعة تتكون من 8 مواد وذلك ل5 مجموعات من المواد (T),0
178,3,8,39,يكتسب استجابتين للمستمع جديدتين بدون تدريب رسمي (O),0
179,3,8,39,يستجيب بشكل ملائم ل5 إشارات بلغة الجسد (E),0
180,3,8,39,يظهر 3 حركات محددة لثلاث أشخاص مختلفين (T),0
181,3,8,39,"يختار مادتين مستهدفتين من مشهد, كتاب أو من البيئة الطبيعية ل20 مجموعة من المواد (T)",0
182,3,8,40,يطبق حركتين متتاليتين وذلك ل10 مجموعات من الحركات (T),0
183,3,8,40,يميز بين لونين في مجموعة تتكون من أشياء لها 4 ألوان مختلفة (T),1
184,3,8,40,يميز بين شكلين في مجموعة تشمل 4 أشكال مختلفة (T),1
185,3,8,40,يعمم مهمة مستمع اسم-فعل لمادة جديدة وذلك ل5 إجراءات مختلفة (T),0
186,3,8,40,يعمم مهمة مستمع اسم-فعل لإجراء جديد وذلك ل5 أشياء (T),0
187,3,9,41,يضع 5 مواد محددة في مكانها الصحيح (T),0
188,3,9,41,يميز بين 4 ألوان في مجموعة تتكون من مواد لها 4 ألوان مختلفة (T),1
189,3,9,41,يميز بين 4 أشكال في مجموعة تحتوي مواد لها 4 أشكال مختلفة (T),1
190,3,9,41,يميز بين ظرفي مكان مختلفين (T),1
191,3,9,41,يميز بين نفسه والآخرين في الضمائر (T),1
192,3,9,41,يختار لونين مختلفين أو شكلين من مجموعة تتكون من 8 وذلك ل10 أزواج (T),1
193,3,9,42,يتبع التعليمات ليصل إلى المادة وذلك ل5 أماكن (T),0
194,3,9,42,يذهب إلى 5 أماكن مختلفة ويستعيد مواد محددة (T),0
195,3,9,42,يختار مواد من مجموعة من المثيرات المتشابهة اعتمادا على الصفة (T),1
196,3,9,42,يميز بين جنسي الولد والبنت والرجل والمرأة (T),0
197,3,9,42,يميز بين الذكر والأنثى في الضمائر (T),0
198,3,9,42,"يظهر حركات حسب حالين مختلفين (امش سريعًا, امش بطيئًا) (T)",1
199,3,9,43,يظهر تظاهرًا ل3 عواطف حسب الطلب (T),0
200,3,9,43,"يحدد تمييز المستمع ل10 مواد اعتمادا على الفاعل, الصفة والاسم (T)",1
201,3,9,43,"يطبق 10 حركات بالاعتماد على الفاعل, ظرف المكان والاسم (T)",1
202,3,9,43,"يحدد تمييز المستمع لعشر مواد اعتمادا على فعل, ضمير واسم (T)",1
203,3,9,43,يعمم الضمائر وظرف المكان لأوضاع جديدة (T),0
204,3,9,44,"يطبق 10 حركات اعتمادا على فاعل, فعل وحال (أرني الضفدع الذي يقفز عاليًا) (T)",1
205,3,9,44,"يطبق 10 حركات اعتمادا على الفاعل, الصفة والفعل (أرني الدب يرقص) (T)",1
206,3,9,44,يميز بين 6 شخصيات تقدم المساعدة في المجتمع حسب الفئة (T),0
207,3,9,44,يستجيب بشكل صحيح ل10 مهام تشمل واحد مقابل اثنان مقابل الكل (T),0
208,3,9,45,يميز بين المواد بعد إعطائه كلمات نفي ل10 مهام (T),0
209,3,9,45,يميز 5 خصائص لأقرانه في مجموعة صغيرة (T),0
210,3,9,45,يستجيب بشكل صحيح ل10 مهام فيها المفرد مقابل الجمع (T),0
211,3,9,45,يعمم 5 صفات لأسماء جديدة (T),0
212,3,9,45,يعمم 5 أحوال لأفعال جديدة (T),0
213,4,10,46,ينتبه بصريا للوجوه والأشخاص 5 مرات(O),0
214,4,10,46,ينتبه بصريا للمواد المعززة 5 مرات (O),0
215,4,10,47,يصل إلى المواد ويمسك بها بنجاح خمس مرات (E),1
216,4,10,47,يستخدم السبابة لنكز الأشياء أو لاستخدامات أخرى خمس مرات(O),0
217,4,10,47,يلعب يالالعاب والأشياء بشكل متنوع لعشر دقائق خمس مرات (O),0
218,4,10,48,ينقل الأشياء من يد لآخري خمس مرات (O),0
219,4,10,48,يبحث عن شئ ابتعد عن نظره خمس مرات(O),0
220,4,10,49,يلقي الأشياء بعيدا عن صندوق الألعاب أو يدفع المواد خارج الخزائن خمس مرات(O),0
221,4,10,49,يدفع و/أو يسحب الأشياء خمس مرات (O),0
222,4,10,50,ينتبه بصريا للألعاب أو الكتب لمدة دقيقة مرتين(O),0
223,4,10,50,يستخدم الملعقة بنجاح خمس مرات خلال الوجبة (O),0
224,4,10,50,يكمل 3 قطع في مجموعة أحجية بدون دافع مادي (E),0
225,4,10,50,يحاول أن يخربش بأي أدوات كتابة (O),0
226,4,10,50,يضع مادتين متطابقتين معا مرتين (O),1
227,4,11,51,يجمع مادتين أو لعبتين معًا (O),0
228,4,11,51,يرتب المواد المتطابقة في مجموعة مرتين (O),0
229,4,11,51,يقلب صفحتين في كتاب (E),0
230,4,11,51,يكمل ثلاث احجيات تركيب مختلفة تتكون من 3 إلى 4 قطع بدون دافع (E),0
231,4,11,51,يجمع 4 مكعبات معًا بدون مساعدة (O),0
232,4,11,51,يطابق مواد متطابقة أو صور في مجموعة تتكون من 3 مواد وذلك لعشر مواد مختلفة (T),1
233,4,11,51,يطابق مواد متطابقة أو صور مختلفة بالحجم في مجموعة غير مرتبة تتكون من 6 مواد وذلك لعشر مواد مختلفة (T),1
234,4,11,51,يضع 5 مواد في مكانها الصحيح (E),0
235,4,11,52,يكمل 5 احجيات تركيب مختلفة تشمل 6 قطع أو أكثر بدون دوافع (E),0
236,4,11,52,يطابق مواد أو صور متطابقة في مجموعة غير مرتبة تتكون من 8 مواد وذلك ل25 مادة مختلفة (T),1
237,4,11,52,يطابق صور متطابقة لها خلفيات مختلفة في مجموعة غير مرتبة تتكون من 8 ل25 صورة (T),1
238,4,11,52,يطابق صور متطابقة من البعد الثنائي إلى البعد الثلاثي أو العكس في مجموعة غير مرتبة تتكون من 8 مواد وذلك لعشرة أزواج (T),1
239,4,11,52,يطابق بشكل عفوي مادتين معًا في اللعب أو أي أوضاع أخرى (O),0
240,4,11,52,يكمل مطابقة مواد في مجموعة تتكون من 8 مواد وذلك ل10 مطابقات في أقل من 20 ثانية (T),0
241,4,11,53,يعمم على 5 مهام مطابقة بدون تدريب رسمي (E),0
242,4,11,53,يطابق مواد أو صور متطابقة لمثيلاتها في الكتاب وذلك ل25 مادة (T),1
243,4,11,53,يطابق مواد أو صور متطابقة لمثيلاتها في البيئة الطبيعية وذلك ل25 مادة (T),0
244,4,11,53,يختار 3 مواد غير متطابقة لكنها مرتبطة ببعضها من صندوق وذلك ل3 أنشطة لعب (T),0
245,4,11,53,يجمع بنجاح 5 أجزاء لخمس ألعاب تتكون من أجزاء (T),0
246,4,11,54,يطابق مواد متشابهة لكنها مختلفة اللون أو صور في مجموعة غير مرتبة تتكون من 8 مواد وذلك ل25 مادة (T),1
247,4,11,54,يطابق صور أو مواد غير متطابقة في مجموعة غير مرتبة تتكون من 8 مواد تشمل مثيرين متشابهين وذلك ل 25 مادة (T),1
248,4,11,54,يطابق مواد أو صور غير متطابقة لمثيلاتها في كتاب وذلك ل25 مادة (T),1
249,4,11,54,يطابق مواد أو صور غير متطابقة لمثيلاتها في البيئة الطبيعية وذلك ل25 مادة (T),1
250,4,11,54,يظهر مطابقة وظيفية عفوية مع العينة في البيئة الطبيعية مرتين (T),0
251,4,11,55,"يركب, يجمع أو يقسم مجموعات خمس ألعاب مختلفة, شخصيات أو مواد تنسجم معًا (T)",0
252,4,11,55,يطابق صورة لعضو في الجسم مع ما يقابله من جسم الطفل لخمس أجزاء (E),0
253,4,11,55,يطابق صورة إجراء مع صورة غير متطابقة لنفس الإجراء وذلك ل10 إجراءات (T),0
254,4,11,55,يلون صور في كتاب التلوين بالرغم من عدم التزامه بالخط (T),0
255,4,11,55,يطابق 10 مواد مختلفة مرتبطون ببعضها البعض (T),0
256,4,12,56,يكمل 5 احجيات تركيب بعشر قطع(T),0
257,4,12,56,يكمل 4 تصاميم مكعبات بأبعاد ثنائية وثلاثية لأربع تصاميم(T),1
258,4,12,56,يستخدم الصمغ ليلصق مواد ببعضها بدون دافع مادي مرتين(T),0
259,4,12,56,يطابق صورة في مكان محدد مع صورة أخرى في نفس المكان لعشر مواقع(T),0
260,4,12,57,يصنف 5 مواد مرتبطة من 3 فئات مختلفة مع العينة(T),1
261,4,12,57,يطابق مواد غير متطابقة بتأخير 5 ثواني للمقارنة في مجموعة غير مرتبة تتكون من 6 (T),0
262,4,12,57,يكمل تصميم 6 مكعبات لعينة ثنائية البعد ومكعبات ثلاثية البعد ل8 تصاميم(T),1
263,4,12,57,يطابق مكعبات ثلاثية البعد مع أربع مكعبات(T),0
264,4,12,58,يستخدم المقص لقص 5 أنماط مختلفة من المواد بدون دافع مادي(T),0
265,4,12,58,يرتب طاولة لشخصين مع 6 أطباق وأدوات الأكل(T),0
266,4,12,58,يضع 3 مجموعات من المواد مرتبة حسب الحجم(T),0
267,4,12,58,يقلد نموذج مكعبات مبني أو تجميع مشابه له 6 أجزاء على الأقل(T),0
268,4,12,59,يكمل بنجاح أحجية تركيب على شكل إنسان لها 6 أجزاء على الأقل(T),0
269,4,12,59,يطابق 25 مادة مرتبطة ببعضها في مجموعة غير مرتبة تتكون من 6 ولها 3 مثيرات متشابهة(T),0
270,4,12,59,يكمل 10 مهام متسلسلة (T),0
271,4,12,59,يلعب العاب الذاكرة أو التركيز بالصور المتطابقة(T),0
272,4,12,60,يكمل نمط متسلسل ل5 أنماط مختلفة من اللون والشكل(T),1
273,4,12,60,يكمل نمط متسلسل ل 5 أنماط صور مختلفة(T),1
274,4,12,60,يضع 3 صور في الترتيب الصحيح وذلك لخمس مجموعات(T),1
275,4,12,60,يركب 5 مشاهد جماعية تتكون من 5 أجزاء(T),0
276,5,13,61,لديه لعبة /مادة مفضلة يعتني بها أو ينام بجانبها(O),0
277,5,13,61,يصل لمادة يهتم بها (O),0
278,5,13,61,ينقل الألعاب من يد لأخرى(O),0
279,5,13,61,ينظر الى لعبة عندما يلتقطها شخص كبير(O),0
280,5,13,62,يشير إلى لعبة أو مادة يهتم بها (O),0
281,5,13,62,يرمي المواد ليشاهدها تسقط أو يظهر اهتمامات أخرى بالعلاقة السببية(O),1
282,5,13,62,"يفتح أبواب الخزائن, صناديق الألعاب (O)",0
283,5,13,62,يكرر سلوك لعب ينتج اصواتا مسموعة(O),0
284,5,13,62,يصنع اتصالا بصريا مع الآخرين 3 مرات خلال اللعب (TO:30min),0
285,5,13,63,يحضر لعبة أو مادة يهتم بها إلى الشخص الكبير(O),0
286,5,13,63,يرمي صناديق المواد على الأرض(O),1
287,5,13,63,ينقل المواد من أو إلى صندوق الألعاب (O),0
288,5,13,63,يعمم سلوك لعب معروف في بيئة جديدة (O),1
289,5,13,63,يحمل الألعاب أو المواد من مكان لأخر (O),0
290,5,13,64,يدخل منزل اللعب بدون دافع لفظي من الآخرين (O),0
291,5,13,64,يتعلم تشغيل لعبة بعد أن يشرح له احد الكبار الطريقة(O),0
292,5,13,64,يطلب من شخص كبير أن يساعده بحمل أو فتحها مثلا(O),0
293,5,13,64,يرقص بشكل عفوي عندما تشغل الموسيقى(O),0
294,5,13,64,"يستمتع عندما يدفعه أو يسحبه شخص أخر في العربة, البسكليت (O)",0
295,5,13,64,يشارك بشكل مستقل في لعب حركي لمدة دقيقتين(TO:30min),1
296,5,13,65,يبعد قطع مركبة معا عن بعضها البعض(O),0
297,5,13,65,يدفع ويسحب المواد من حوله بشكل عفوي(O),1
298,5,13,65,يحمل لعبة كبيرة لموقع جديد(O),0
299,5,13,65,يصدر أصوات أو كلمات مرتبطة مع الألعاب(O),0
300,5,13,65,يربط الأشياء أو يجمعهم معا (O),0
301,5,14,66,يحمل لعبتين أو أكثر وهو يمشي(O),0
302,5,14,66,يلعب بشكل مستقل بمجموعة أحجية تركيب لمدة دقيقة(O),0
303,5,14,66,يشارك في لعب حسي لمدة دقيقتين (O),0
304,5,14,66,يرشق الماء ويلعب بالأشياء خلال السباحة (O),0
305,5,14,66,يلعب بمجموعة العاب لها عدة أجزاء لمدة دقيقتين(O),0
306,5,14,67,يخربش على الورق أو اللوح الأبيض(O),0
307,5,14,67,ينتظر الطفل لحين البدء بالنشاط(O),0
308,5,14,67,يلعب بشكل مستقل لمدة دقيقتين بدون أي تفاعل من الكبار(O),1
309,5,14,67,يرتب أو يفصل الألعاب المفضلة لديه في صندوق الألعاب(O),0
310,5,14,67,يقلد بعفوية استخدام الكبار للأشياء(O),0
311,5,14,68,يلعب بشكل مستقل في ساحة اللعب لمدة دقيقتين بدون أي دافع من الكبار(O),1
312,5,14,68,يلاحظ ثم يقلد الأطفال الآخرين في الألعاب الكبيرة(O),0
313,5,14,68,يلضم الخرزات الكبيرة أو الأربطة أو حركات دقيقة للتسلية لدقيقة واحدة(O),0
314,5,14,68,يلعب بمجموعتي العاب حسب وظيفتها (O),0
315,5,14,69,يطلب الذهاب لساحة اللعب أو هيكل اللعب وإلا فإنه يلعب بمواد لا يستطيع الحصول عليها بشكل مستقل(O),0
316,5,14,69,يكمل خمس مجموعات أحجية تركيب تتكون من خمس قطع وأكثر(O),0
317,5,14,69,يلعب بشكل متكرر بجزء محدد في هيكل اللعب الكبير(O),0
318,5,14,69,يركل كرة بشكل عفوي(O),0
319,5,14,70,يلعب بمجموعة العاب حسب وظيفتها (O),1
320,5,14,70,يسمح للآخرين باللعب قريبا منه(O),0
321,5,14,70,يظهر اهتماما بمشاريع إقرانه المكتملة(O),0
322,5,14,70,يطلب من أقرانه عدم تخريب لعبته المجمعة(O),0
323,5,14,70,يستمر باللعب بلعبة جزء منها مفقود(O),0
324,5,14,70,يساعد في التقاط الألعاب عند نهاية النشاط وبوجود دافع من الكبار(O),0
325,5,15,71,يتجول بلعبته التي تسير حول الأشياء (O),0
326,5,15,71,يظهر توافق 1:1 في أنشطة اللعب (O),0
327,5,15,71,يحصل على اللعبة ويلعب بشكل مستقل لمدة دقيقتين (O),0
328,5,15,71,"ينشد, يدندن أو يلقي بعض كلمات من أغنيات معروفة عندما يشارك في نشاط (O)",0
329,5,15,72,"ينهي نشاط تجميع المادة بأكمله (مثلًا تصميم مكعبات, تجميع خرزات لصنع قلادة) (O)",0
330,5,15,72,يلون صورة في كتاب التلوين أو في ورقة (O),0
331,5,15,72,يجلس بشكل مستقل وينظر في الكتاب لمدة 5 دقائق (O),0
332,5,15,72,يتقبل الاتجاهات من القرين عندما يلعبان في نفس المنطقة (O),0
333,5,15,73,يستخدم أدوات الفن والأعمال اليدوية لما صممت له (O),1
334,5,15,73,ينتظر دوره في النشاط (O),0
335,5,15,73,يرسم بشكل مستقل رسومات مفهومة (O),0
336,5,15,73,يري مشروعه الفني الكامل للكبار (O),0
337,5,15,73,يلون المواد ولا يخرج عن الحد غالبًا في كتاب التلوين (O),1
338,5,15,74,يظهر استجابة ملائمة عند إيقاف النشاط أو قطعه (O),0
339,5,15,74,يتبع إجراءات السلامة (O),0
340,5,15,74,يتظاهر بأنه يكتب ملاحظة (O),0
341,5,15,74,"يتعامل بشكل مستقل مع النشاط (يبدأ, يجلس, يكمل وينظف المكان ) (O)",0
342,5,15,75,يظهر الرغبة في تجربة أنشطة جسدية فيها بعض التحدي (O),0
343,5,15,75,يساعد بشكل عفوي في الأنشطة اليومية (O),0
344,5,15,75,يشارك في نشاط غير مفضل ليكسب نشاط مفضل (O),0
345,5,15,75,يلعب بألعاب الحاسوب أو الفيديو ويتعامل جيدًا مع الأجهزة (O),0
346,5,15,75,يحل المشاكل التي يواجهها في اللعب بشكل مستقل (O),0
347,6,16,76,يبتسم عندما يسمع أصوات معتاد عليها 3 مرات(TO:60min),0
348,6,16,76,ينظر لوجوه أشخاص معتاد عليهم الطفل على الأقل 3 مرات (TO:60min),1
349,6,16,76,يتجه إلى أو يصنع اتصلا بصريا مع أشخاص معتاد عليهم خمس مرات(TO:30min),1
350,6,16,77,يبتسم أو يضحك خلال اللعب الجسدي خمس مرات(E),0
351,6,16,77,يشارك ويبتسم في لعب تفاعلي تبادلي مرتين(T),0
352,6,16,77,"يبحث عن انتباه الكبار باستخدام التحديق ,الأصوات, أو الإيماءات 3 مرات (TO:60min)",0
353,6,16,78,يأخذ مادة مرغوبة من شخص كبير 3 مرات(T),1
354,6,16,78,يتفاعل بايجابية عندما يمر بجانبه أطفال آخرين لمرتين (O),0
355,6,16,78,يستجيب لتلويح اليد من الآخرين لمدة ثانيتين بالاتصال البصري مرتين(TO:30min),0
356,6,16,79,يقترب من الأطفال الآخرين مرتين بوجود دافع من الكبار(TO:30min),0
357,6,16,79,يقف قريبا بشكل ملائم من الأطفال الآخرين خلال الأنشطة الجماعية مرتين(TO:30min),1
358,6,16,79,"يقلد حركة ""باي باي "" للآخرين عندما يتم حثه وذلك لمرتين(E)",0
359,6,16,79,يجلس بجانب الأطفال الآخرين في الأنشطة الجماعية مرتين عندما يتم حثه من البالغين(O),1
360,6,16,80,يتبع طفلا أخر بشكل عفوي مرتين(O),1
361,6,16,80,يقلد بشكل عفوي سلوك طفل أخر مرتين(O),1
362,6,16,80,يضحك او يبتسم عندما يشارك الآخرين في سلوكي مضحك مسلي مرتين(O),0
363,6,17,81,ينظر إلى أقرانه عندما يتحدث إليهم مرتين(O),0
364,6,17,81,يلاحق أقرانه في اللعب بوجود دافع من الكبار(O),0
365,6,17,81,يجلس مع أقرانه في نشاط جماعي بدون سلوك مزعج لمدة دقيقتين(O),1
366,6,17,81,يشارك في لعب جسدي مع الأقران(O),1
367,6,17,81,يقلد بشكل عفوي 5 سلوكيات مختلفة لأقرانه(O),1
368,6,17,82,يطلب من أقرانه بدافع من الكبار 5 مرات(T),0
369,6,17,82,يصادي صوت أقرانه أو كلماتهم بدافع من الكبار مرتين(T),0
370,6,17,82,ينضم بشكل عفوي للأطفال في نشاط اللعب مرتين(O),1
371,6,17,82,يعرض بشكل عفوي معزز على قرينه مرة واحدة(O),0
372,6,17,83,يحيي الآخرين بشكل عفوي بالتلويح أو الاستجابة الصوتية 5 مرات(O),0
373,6,17,83,يقلد بشكل عفوي حركات أقرانه مع الأشياء مرتين(O),0
374,6,17,83,يستجيب لطلبات أقرانه بوجود دافع الكبار مرتين(O),1
375,6,17,83,يصادي بشكل عفوي كلمات أقرانه(O),1
376,6,17,84,يحاكي بشكل عفوي تجميع قرينه للألعاب أو أي مواد أخرى مرة واحدة(O),0
377,6,17,84,يستجيب بشكل ملائم لطلبات أقرانه لمادة معينة مرتين (E),1
378,6,17,84,يستجيب بشكل ملائم لطلبات أقرانه بحركة معينة(E),1
379,6,17,84,يستجيب لطلبات أقرانه بوقف سلوك معين مرة واحدة(E),1
380,6,17,84,يطلب بشكل عفوي المساعدة من الكبار(O),0
381,6,17,84,يسمي مواد لمساعدة الأقران بدافع من الكبار(O),0
382,6,17,85,يطلب بشكل عفوي من قرينه اتباع تعليماته مرتين(O),1
383,6,17,85,يطلب بشكل عفوي من الآخرين الانتباه الشئ الذي ينتبه إليه(O),0
384,6,17,85,يطلب بشكل عفوي من الآخرين الانتباه لسلوكه مرتين (O),0
385,6,17,85,يطلب الانتباه من أقرانه مرتين (O),0
386,6,17,85,يقلد بشكل عفوي قرينه عندما يقود الدراجة أو السيارة مرتين(O),0
387,6,18,86,يشارك في أنشطة تعاونية بوجود دافع الكبار مرتين (O),1
388,6,18,86,يطلب بشكل ملائم من أقرانه إيقاف سلوك غير مرغوب مرتين (O),0
389,6,18,86,ينتظر دوره لأخذ المعزز بدون سلوك سلبي مرتين (O),0
390,6,18,86,يقبل الدعوة للانضمام لنشاط لعب تفاعلي مع القرين مرتين (O),0
391,6,18,86,يطلب من الأقران باستخدام أسئلة استفهامية مرتين (O),0
392,6,18,87,يقلد بشكل عفوي سلوك القرين في نشاط التظاهر باللعب مرتين (O),1
393,6,18,87,يطلب بشكل عفوي باستخدام أين لمعرفة مكان القرين المفقود مرتين (O),1
394,6,18,87,يطلب بشكل عفوي باستخدام ماذا مرتبطة مع سلوك القرين مرتين (O),1
395,6,18,87,يطلب بشكل عفوي مستخدمًا من تم إثارتها من قبل شخص غير معروف مرتين (O),1
396,6,18,87,لديه صديق مفضل (O),0
397,6,18,87,يشارك في تبادل لفظي 3 مرات على الأقل مع القرين (O),1
398,6,18,88,يستخدم بشكل عفوي تفضل وشكرًا مع الكبار أو الأقران مرتين (O),0
399,6,18,88,يظهر تبادلًا لفظيًا مع القرين مرتين (O),1
400,6,18,88,يتبع الاتجاهات المعطاة له من قبل القرين في اللعب التفاعلي مرتين (O),0
401,6,18,88,يعطي الاتجاهان للقرين في اللعب التفاعلي مرتين (O),1
402,6,18,88,يعرض بشكل عفوي المعزز على قرينه مرتين (O),0
403,6,18,89,يشارك في لعبة تفاعلية يديرها القرين مرتين (O),0
404,6,18,89,يطلب بشكل عفوي اسم الطفل الجديد أو غير المعتاد عليه مرة واحدة (O),0
405,6,18,89,يأخذ حصته من المعزز ويشاركها مع القرين بدون دوافع مرتين (O),0
406,6,18,89,يضحك أو يبتسم عند سماع نكتة القرين مرتين (O),0
407,6,18,89,يسأل أسئلة حول اهتمامات القرين مرة واحدة (O),0
408,6,18,90,يشارك في تبادل لفظي 3 مرات على الأقل مع القرين مرتين (O),1
409,6,18,90,يشارك في تبادل لفظي مع اثنين أو أكثر من أقرانه في مكان واحد مرتين (O),0
410,6,18,90,يظهر سلوك تعاون عندما يأخذ القرين المعزز مرتين (O),0
411,6,18,90,ينتبه لقرينه الذي يروي قصة ل10 ثواني مرتين (O),0
412,6,18,90,يحكي عن نشاط القرين بتسميتين على الأقل مرتين(O),0
413,6,18,90,يتعاطف بشكل عفوي مع القرين عندما يتأذى مرتين (O),0
414,6,18,90,يتفاوض مع القرين على المعزز مرتين (O),0
415,7,19,91,يقلد حركة الفم ثلاث مرات (O),0
416,7,19,91,يقلد حركة واحدة لشخص أخر عند الطلب(T),1
417,7,19,92,يقلد حركتين وهم ممسك بشيء (T),1
418,7,19,92,يقلد بعفوية حركتين مضحكتين (O),1
419,7,19,92,يصنع اتصالا بصريا خلال التقليد 3 مرات(TO:30min),0
420,7,19,93,يقلد حركتين صغيرتين (T),1
421,7,19,93,يقلد بعفوية حركتين جسديتين كبيرتين لشخص أخر(O),1
422,7,19,93,يقلد التأرجح من جهة اى أخرى خلال المشي(T),0
423,7,19,93,يعمم استجابات تقليد معروف لشخصين إضافيين(T),0
424,7,19,94,يقلد التأشير باتجاه الآخرين أو الأشياء(T),0
425,7,19,94,يقلد نقل شئ من يد لأخرى(T),0
426,7,19,94,يقلد 5 حركات تنتج نتائج (T),1
427,7,19,94,يقلد حركتين بالرأس(T),0
428,7,19,95,يقلد 5 حركات دقيقة مختلفة (T),1
429,7,19,95,يقلد حركة جسدية كبيرة للأطفال الآخرين مرتين عندما يتم حثه(T),1
430,7,19,95,يقلد بعفوية سلوك الآخرين في عشر مناسبات(T),1
431,7,19,95,يظهر تعميما لعشر استجابات تقليد لثلاثة أشخاص جدد(T),0
432,7,20,96,يقلد النفخ مرتين(T),0
433,7,20,96,يقلد 5 إشارات بلغة الجسد (E),0
434,7,20,96,يقلد قلب الصفحات في الكتاب(T),0
435,7,20,96,يقلد 5 حركات مع أشياء محددة من مجموعة تتكون من مادتين (T),1
436,7,20,96,يقلد سحب خمس مواد مختلفة كل مرة يسحب مادة واحدة(T),0
437,7,20,97,يقلد 3 سلوكيات لعب في البيئة الطبيعية (T),0
438,7,20,97,يقلد 5 سلوكيات تتكون من خطوتين (E),1
439,7,20,97,يقلد بشكل عفوي سلوك لاحظه على التلفاز أو في فيديو(O),0
440,7,20,97,يقلد خمس تعبيرات بالوجه (T),0
441,7,20,97,يحافظ على سلوك التقليد المكتسب حديثا لما بعد 24 ساعة بدون تدريب (T),0
442,7,20,97,يقلد سلوك جديد بشكل صحيح من أول محاولة(E),1
443,7,20,97,يقلد 5 أمثلة للعب بالأصابع(T),1
444,7,20,98,يقلد 5 حركات في عشر ثواني من اختبار الطلاقة(T),0
445,7,20,98,يقلد رسم الدائرة في مناسبتين (T),0
446,7,20,98,يقلد خمس مرات تظاهرا باللعب (E),0
447,7,20,98,يقلد بشكل عفوي خمس حركات رسم دقيقة وأعمال يدوية (T),0
448,7,20,98,يكتسب 5 مهارات مستمع خلال نقل التحكم من التقليد إلى المستمع(T),0
449,7,20,98,يقلد الأطفال الآخرين خلال الأنشطة اليومية في مناسبتين(O),0
450,7,20,98,يكرر سلوك مسلي لاحظه سابقا (تقليد متأخر)(T),0
451,7,20,99,يقلد نشاط مسرحي على غرار أقرانه في مناسبتين(T),0
452,7,20,99,يقلد بشكل عفوي 5سلوكيات في نشاط جماعي(O),0
453,7,20,99,يقلد عشر حركات تتكون من جزأين(E),1
454,7,20,99,يقلد نفس السلوك بشكل سريع وبطئ وذلك لخمس سلوكيات(T),0
455,7,20,99,يقلد بشكل عفوي 5 مهارات وظيفية في البيئة الطبيعية (O),1
456,7,20,100,يقلد مواد البناء أو مجموعة العاب البناء(E),0
457,7,20,100,يقلد خمس مهارات وظيفية للعناية بنفسه متعددة الخطوات (E),1
458,7,20,100,يقلد 5 أنشطة وظيفية من المهارات اليومية(E),1
459,7,20,100,يظهر تقليد متأخر لسلوك الكبار في اللعب التظاهري(O),0
460,7,20,100,يقلد 50 سلوك حركي مختلف حسب ما يطلب منه(E),1
476,10,24,116,يختار حيوان من مجموعة تتكون من 3 وذلك حسب خمس أصوات مختلفة للحيوانات (T),0
477,10,24,116,يختار مادة من مجموعة تتكون من 3 وذلك حسب خمس أصوات مختلفة للأشياء(T),0
478,10,24,116,يختار مادة من مجموعة تتكون من 3 وذلك حسب 5 أغاني مختلفة تتوافق مع المواد(T),0
479,10,24,117,يختار مادة من مجموعة تتكون من 5 وذلك حسب خمس جمل أكمل الفراغ تحتوي فعلا(T),1
480,10,24,117,يختار مادة من مجموعة تتكون من 5 وذلك حسب خمس مجموعات من الكلمات المرتبطة(T),1
481,10,24,117,"يعكس خمس نماذج LRFFC مكتسبة سابقا(ملعقة و...., صحن و....)(T)",0
482,10,24,117,يعمم 10 استجابات LRFFC لنغمات وطبقات صوت مختلفة(T),0
483,10,24,117,يعمم 10 استجابات LRFFC لمقاطع جديدة بدون تدريب(T),0
484,10,24,117,يعمم 10 استجابات LRFFC لصورتين أو مادتين مختلفتين (E),0
485,10,24,118,يختار مادة من مجموعة تتكون من 8 وذلك حسب 10 جمل وظيفية أملئ الفراغ(T),1
486,10,24,118,يختار مادة من مجموعة تتكون من 8 وذلك حسب 10 جمل أملئ الفراغ عن الخصائص (T),1
487,10,24,118,يختار مادة من مجموعة تتكون من 8 وذلك حسب 10 جمل أملئ الفراغ عن الفئة(T),1
488,10,24,118,يختار مادة من مجموعة تتكون من 8 وذلك حسب 10 أسئلة مختلفة تبدأ بماذا(E),1
489,10,24,118,يختار مادة من مجموعة تتكون من 8 وذلك حسب 10 أسئلة مختلفة تبدأ بأي(E),1
490,10,24,118,يختار مادة من مجموعة تتكون من 8 وذلك حسب 10 أسئلة مختلفة تبدأ بمن(E),1
491,10,24,119,يظهر تعميم LRFFC حسب الفئة بخمس أمثلة وذلك لعشر فئات (T),0
492,10,24,119,يصدر 10 استجابات LRFFC معروفة في مجموعة تتكون من 10 في اقل من دقيقة(T),0
493,10,24,119,يختار مادة بعد إعطائه جملتين فعليتين مختلفتين عن كل مادة عندما يتم عرضها بشكل مستقل(T),1
494,10,24,119,يختار مادة من مجموعة تتكون من 10 وذلك لعشر أسئلة LRFFC تبدأ باين (T),0
495,10,24,119,يظهر 10 استجابات LRFFC في البيئة الطبيعية(T),0
496,10,24,120,يختار مادة من مجموعة تتكون من 10 بعد إعطائه الوظيفة والفئة وذلك ل 25 مادة(E),1
497,10,24,120,يختار مادة من مجموعة تتكون من 10 بعد إعطائه الفئة والخصائص وذلك ل25 مادة(E),1
498,10,24,120,يظهر 5 استجابات LRFFC بدون تدريب في البيئة الطبيعية(T),0
499,10,24,120,يعمم على 25 مهمة LRFFC جديدة تتكون من جزأين بدون تدريب(T),0
500,10,24,120,يصدر بشكل عفوي استجابات LRFFC (T),0
501,10,25,121,يختار عضوين من نفس الفئة في مجموعة تتكون من عشرة وذلك ل25 فئة (T),1
502,10,25,121,يختار 50 مادة من كتاب بعد إعطاؤه أي مهمة LRFFC(T),1
503,10,25,121,يختار خمسين مادة من البيئة الطبيعية أو في نشاط وظيفي بعد إعطاؤه أي مهمة LRFFC(T),0
504,10,25,121,يظهر 200 استجابة LRFFC مختلفة بالاختبار أو بالقوائم المجمعة (T),1
505,10,25,121,يختار صورة للخطوة اللاحقة في تسلسل وذلك ل10 تسلسلات (T),0
506,10,25,121,يختار صورة من مجموعة تتكون من عشرة بعد إعطاؤه أسئلة عامة تتعلق بالوقت وذلك لخمس مواد (T),0
507,10,25,122,يختار مادة من مجموعة تتكون من 1- بعد إعطاؤه اللون والفئة ل25 مادة (T),1
508,10,25,122,يختار مادة من مجموعة تتكون من 10 بعد إعطاؤه الشكل والفئة ل 25 مادة (T),1
509,10,25,122,يختار مادة من مجموعة تتكون من 10 بعد إعطاؤه الوظيفة والفئة ل25 مهمة LRFFC(T),1
510,10,25,122,يختار مادة من مجموعة تتكون من 10 بعد إعطاؤه الخصائص والفئة ل25 مهمة LRFFC(T),1
511,10,25,122,يختار مادة من مجموعة تتكون من 10 بعد إعطائه أي صفة والوظيفة ل25 مهمة LRFFC (T),1
512,10,25,122,يختار مادة من مجموعة تتكون من عشرة بعد إعطاؤه أي صفة والخصائص ل25 مهمة LRFFC(T),1
513,10,25,123,يختار مادة من كتاب بعد قراءة فقرة قصيرة (أكثر من عشر كلمات) وإعطاؤه سؤال LRFFC(T),0
514,10,25,123,يختار مادة من مجموعة تتكون من عشرة بعد إعطاؤه أي ظرف مكان وسؤال LRFFC ل25 مادة (T),1
515,10,25,123,يختار مادة من مجموعة تتكون من عشرة بعد إعطائه ضمير وسؤال LRFFC ل25 مادة (T),1
516,10,25,123,يختار مادة من مجموعة تتكون من عشرة بعد إعطائه حال وسؤال LRFFC ل25 مادة (T),1
517,10,25,123,يختار 10 شخصيات مجتمعية تساعد الناس من كتاب عندما نسأله ماذا يفعلون (T),0
518,10,25,123,يختار مادتين مختلفتين من مجموعة تتكون من 10 بعد إعطائه فئتين أو وظيفتين مختلفتين ل25 مجموعة (T),1
519,10,25,123,يختار مكان من مجموعة تتكون من 10 بعد إعطائه مادتين من المكان وذلك ل10 مواقع (T),0
520,10,25,123,يختار مادة من البيئة الطبيعية تشمل 3 مثيرات متشابهة بعد إعطاؤه سؤال LRFFC ل25 مهمة (T),0
521,10,25,124,يختار كل أعضاء الفئة من مجموعة تتكون من 10 عندما يطلب منه ذلك ل3 أعضاء في 25 فئة (T),0
522,10,25,124,يختار مادة من كتاب بعد إعطائه سؤال متى ل10 مواد (T),0
523,10,25,124,يختار مادة من كتاب بعد إعطاؤه سؤال كيف ل10- مواد (T),0
524,10,25,124,يختار مادة من مجموعة تتكون من 10 بعد إعطائه حرف جر بعد فعل وذلك ل25 تركيب فعل-حرف جر (T),0
525,10,25,124,يختار مادة عندما يطلب منه إيجاد شيء مختلف في مجموعة تتكون من 5 ل25 مادة (T),0
526,10,25,125,يختار مادة من مجموعة تتكون من 10 ترتبط بأحداث في الماضي ل5 أحداث (T),0
527,10,25,125,يختار مادة ترتبط بأحداث مستقبلية ل5 أحداث (T),0
528,10,25,125,يختار مادة من مجموعة تتكون من 10 عندما يسأل : أي شيء لا يستطيع...؟ على شكل LRFFC ل10 مواد (T),0
529,10,25,125,يختار مادة من مجموعة تتكون من 10 عندما يسأل : أي واحدة ليست...؟ على شكل LRFFC ل25 وظيفة،خصائص،فئة (T),0
530,10,25,125,يختار مادة من صفحة في الكتاب أو من البيئة الطبيعية اعتمادًا على 4 مكونات لفظية ل25 مهمة LRFFC(T),1
531,11,26,126,يصدر أصوات يصدرها حيوانين أو أشياء(T),1
532,11,26,126,يعطي اسمين لحيوانين عندما يسمع صوت الحيوان(T),1
533,11,26,126,يكمل 5 أغاني (T),1
534,11,26,126,يكمل جملتين فعليتين تشملان نشاط ممتع(T),1
535,11,26,127,يكمل 5 جمل أملئ الفراغ(الفراغ داخل النص) (T),1
536,11,26,127,يستجيب بشكل صحيح عندما يتم عكس 5 جمل أملئ الفراغ(T),0
537,11,26,127,يكمل 5 جمل أملئ الفراغ عندما يكون الفراغ في أخر الجملة(T),1
538,11,26,127,يعمم 10 استجابات محادثة معروفة (E),0
539,11,26,128,يكمل تصنيف أملئ الفراغ مرتين لطعام ومرتين لشراب (T),1
540,11,26,128,يكمل خمس مقاطع مختلفة لاسمين مرتبطين معا(T),0
541,11,26,128,يكمل 5 أغاني بكلمتين أو أكثر(E),0
542,11,26,128,يعمم 10 استجابات محادثة لمقاطع جديدة(E),0
543,11,26,129,يكمل 10 مقاطع فعل –اسم مختلفة (T),1
544,11,26,129,يصدر بشكل عفوي 2 استجابة محادثة(O),0
545,11,26,129,يجيب على 10 أسئلة ماذا يكون الفعل هو مثير التمييز(T),0
546,11,26,129,يجيب على 10 أسئلة ماذا يكون الاسم هو مثير التمييز(T),0
547,11,26,129,عندما نسأله ماذا تأكل ؟ يعطي نوعين أو أكثر من كل فئة(T),0
548,11,26,129,يعطي 5 استجابات جديدة لأسئلة مكتسبة سابقا(T),0
549,11,26,130,يجيب 5 أسئلة أين مختلفة(T),1
550,11,26,130,يجيب 5 أسئلة من مختلفة(T),1
551,11,26,130,يظهر استجابتي محادثة بدون تدريب (T),0
552,11,26,130,يجيب 10 أسئلة مختلفة عن الفئة(T),0
553,11,26,130,يجيب كلا من أسئلة عن الاسم واللون حول 10 مواد مرئية(T),1
554,11,26,130,يجيب 10 أسئلة عن الوظيفة(T),0
555,11,26,130,يصدر بشكل عفوي 5 طلبات خلال المحادثة (E),0
556,11,26,130,يجيب 25 سؤال من وأين (T),1
557,11,27,131,يكمل الفراغ في 10 تراكيب ثنائية (اسم-فعل) (T),1
558,11,27,131,يجيب 25 سؤال أين من جزأين (T),1
559,11,27,131,يجيب 25 سؤال من جزأين (T),1
560,11,27,131,يجيب 25 سؤال ماذا يشمل وظيفة (T),1
561,11,27,131,يجيب 25 سؤال ماذا بعد إعطائه الوظيفة (T),1
562,11,27,131,يظهر 10 محادثات من دون تدريب (O),0
563,11,27,131,يظهر 5 محادثات جديدة بتدريب التسمية فقط (E),0
564,11,27,131,يجيب بأنا لا أعرف على الأسئلة التي لا يستطيع إجابتها (E),0
565,11,27,132,يعطي على الأقل 3 أعضاء في 10 فئات (T),1
566,11,27,132,يجيب 25 سؤال اختيار من متعدد (T),0
567,11,27,132,يعطي 10 فئات بعد إعطائه عدة أعضاء من الفئة (T),0
568,11,27,132,يعطي اسم 25 مادة بعد إعطائه خاصية محددة لها (T),1
569,11,27,132,يعطي خاصيتين ل10 مواد بعد إعطائه أسمائها (T),1
570,11,27,132,يجيب على 3 أسئلة عاطفية (T),0
571,11,27,132,يعطي على الأقل 25 استجابة لسؤال تتكون من 3 كلمات على الأقل (T),0
572,11,27,133,يجيب 25 سؤال بنعم أو لا (T),0
573,11,27,133,يصف خمس أماكن لا يراها (T),0
574,11,27,133,يجيب 25 سؤال محادثة تشمل الصفات (T),1
575,11,27,133,يجيب سؤال حول جملة واحدة قرأها وذلك ل10 جمل (T),1
576,11,27,133,يجيب بشكل صحيح السؤال : كم عمرك؟ (T),0
577,11,27,133,يكمل قصة متسلسلة وذلك ل5 قصص (T),0
578,11,27,133,يشارك في 5 محادثات مختلفة تشمل على الأقل 3 محادثات متبادلة حول موضوع واحد (T),0
579,11,27,133,يصف سمتين شخصيتين عن نفسه (T),0
580,11,27,134,يجيب 25 سؤال أين ماذا من تشمل 3 عناصر أو أكثر (T),1
581,11,27,134,يعطي على الأقل 3 أعضاء في 25 فئة (T),1
582,11,27,134,يجيب 5 أسئلة حول أحداث يومية أو حالية (T),0
583,11,27,134,يستجيب بالمحادثة 25 مرة على الأقل في اليوم للأسئلة اللفظية من الأقران (O),0
584,11,27,134,يظهر تعميم بإعطاء نفس الإجابة لعشر أسئلة معروضة في 3 طرق مختلفة (T),0
585,11,27,134,يقول 3 أشياء عن مادة واحدة وذلك ل25 مادة (T),0
586,11,27,134,يعطي 3 معلومات شخصية عن نفسه (T),0
587,11,27,134,يجيب 25 سؤال محادثة تشمل حروف جر (T),1
588,11,27,134,يجيب 25 سؤال محادثة تشمل ضمائر (T),1
589,11,27,134,يعطي 25 إجابة لأسئلة تسلسلية (ماذا تفعل بعد أن ترجع من المدرسة؟) (T),0
590,11,27,134,يجيب 10 أسئلة متى (T),0
591,11,27,135,يجيب 10 أسئلة حول شخصيات تساعد في المجتمع (T),0
592,11,27,135,يجيب 25 سؤال مختلف تشمل 4 أجزاء أو أكثر من الكلام (T),1
593,11,27,135,يأخذ دوره ويكمل قصة بدأها الآخرون (E),0
594,11,27,135,يجيب 5 أسئلة كيف (T),0
595,11,27,135,يذكر اسمه الأخير عندما يطلب منه ذلك (T),0
596,11,27,135,يجيب 25 سؤال محادثة يشمل أحوال (T),1
597,11,27,135,يظهر تعميم استجابة بوصف نفس 10 أشياء،أحداث،حيوانات أليفة في 3 طرق مختلفة (T),0
598,11,27,135,يصف 5 أحداث حدثت في الماضي (T),0
599,11,27,135,يصف 5 أحداث ستحدث في المستقبل (T),0
600,11,27,135,يلخص 5 قصص مختلفة ب10 كلمات على الأقل (T),0
601,11,27,135,يقترح حل ممكن لمشكلة تواجهه (T),0
602,12,28,136,يتكيف مع الانفصال عن والديه(O),0
603,12,28,136,يجلس على طاولة الأكل بوجود الدافع المادي لمدة دقيقة (O),1
604,12,28,136,يصطف مع الأطفال الآخرين بوجود الدافع المادي(O),1
605,12,28,136,يظهر التزام عام في كل أنشطة الغرفة الصفية(O),0
606,12,28,137,لا يحاول إن يتحرك عندما يجلس احد أقرانه بجانبه(O),0
607,12,28,137,يضع أشياءه الشخصية بالإيماء والدافع اللفظي(O),1
608,12,28,137,يذهب إلى الطاولة ويجلس مع الأطفال بوجود الدافع اللفظي(O),1
609,12,28,137,يتعاون خلال غسل يديه مع المساعدة الجسدية(O),0
610,12,28,137,لا يشارك في سلوك سلبي تجاه احد الأطفال عندما يجلس بجانبه(O),0
611,12,28,138,يذهب إلى مجموعة دائرية ويجلس بدافع لفظي واحد(O),1
612,12,28,138,يذهب ويجلس إلى الطاولة أو مجموعة العمل بدافع لفظي واحد(O),1
613,12,28,138,لا يلمس الأدوات الموجودة على الطاولة إلا عندما يسمح له بذلك(O),0
614,12,28,138,يجلس في مجموعة دائرية لمدة دقيقتين بدون سلوك مزعج أو دافع لبقاء جالسا(O),1
615,12,28,139,يدخل إلى الصف بعد انتهاء العطلة بالدافع اللفظي فقط(O),0
616,12,28,139,يشارك في حركات جماعية وأنشطة موسيقية بالدافع اللفظي فقط(O),0
617,12,28,139,يقلد أنشطة المجموعة مع الأشياء(O),0
618,12,28,139,يغني أغنية مع المجموعة بالدافع اللفظي فقط(O),0
619,12,28,140,يأخذ الصينية أو الصحن إلى المغسلة ويلقي بقية الأشياء في القمامة بوجود الدافع اللفظي فقط(O),0
620,12,28,140,يتناول غداءه بالدافع اللفظي فقط(O),0
621,12,28,140,يرتب حقيبته وصندوق طعامه أو حاكيته عند دخوله الصف بالدوافع الجماعية(E),0
622,12,28,140,يتعامل مع صندوق الطعام ويتناول طعامه لوحده(O),0
623,12,28,140,يستجيب لفظيا في الجلوس مع المجموعة مرتين خلال 5 دقائق(O),1
624,12,28,140,يقلد الأقران بعمل نشاط أو أغنية خلال المجموعة وذلك مرتين خلال خمس دقائق(O),0
625,12,28,140,يجلس على المرحاض بدون سلوك سلبي عندما يتم حثه (O),0
626,12,29,141,يجلس أو يقف عند طاولة النشاط الفني لمدة 5 دقائق بدون سلوك مضطرب (O),1
627,12,29,141,يستجيب لتعليمات مجموعة واحدة بدون دوافع إضافية (O),1
628,12,29,141,يعمل بشكل مستقل في مهمة أو نشاط لمدة دقيقة بدون دافع أو تعزيز (O),1
629,12,29,141,يأتي إلى مقدمة المجموعة بدافع لفظي واحد (O),0
630,12,29,141,يستخدم المرحاض ويغسل يديه بالدافع اللفظي (E),1
631,12,29,142,يرفع يده ليأخذ دوره في المجموعة (O),0
632,12,29,142,يستخدم مواد الغرفة الصفية لما صمّمت له (O),0
633,12,29,142,يضع الألعاب والأدوات بعيدًا عندما يطلب منه ذلك (O),0
634,12,29,142,يبقى في المهمة لدقيقة واحدة خلال النشاط الفني عندما تبتعد المعلمة عن الطاولة (O),1
635,12,29,143,يحصل على المواد الضرورية لإكمال النشاط عندما يتم حثه لفظيًا (O),0
636,12,29,143,ينتقل بشكل مستقل بين أنشطة الغرفة الصفية بدافع لفظي جماعي (O),0
637,12,29,143,يستجيب للأسئلة الجماعية بدون دافع مباشر (O),1
638,12,29,143,يطلب استخدام المرحاض وبأقل الحوادث العرضية (O),0
639,12,29,144,يأخذ دوره ويشارك المواد مع الأقران (O),0
640,12,29,144,يميز ويتّبع إرشادات جماعية من جزأين (O),1
641,12,29,144,يلتزم بقواعد السلامة في الغرفة الصفية (O),0
642,12,29,144,يقود نشاطين جماعيين مختلفين يشمل 3 أطفال آخرين (O),0
643,12,29,144,يطلب نشاط محدد من المجموعة (O),0
644,12,29,144,يساعد في ترتيب الأدوات بعد النشاط بدافع لفظي واحد (O),0
645,12,29,145,يركز على المهمة بالرغم من الإزعاج في الغرفة (O),0
646,12,29,145,يعتني بنفسه بدون دافع (O),0
647,12,29,145,يتفاعل لفظيًا مع الأقران 3 مرات في نشاط جماعي على الطاولة (O),1
648,12,29,145,يرجع إلى مقعده عندما ينتهي دوره بدون دافع (O),0
649,12,29,145,يبقي يديه جانبًا عندما يكون في المجموعة (O),0
650,12,29,145,يرفع يده عندما يكون يعرف الإجابة الصحيحة لسؤال خلال النشاط الجماعي (O),0
651,12,29,145,يكمل بشكل مستقل ورقتي عمل بدون دافع عندما يجلس على الطاولة مع ثلاثة أطفال آخرين (O),0
652,12,29,145,يجلس على شكل صفوف المدرسة لعشرين دقيقة بدون سلوك مضطرب (O),0
654,13,30,147,يستخدم كلمات مفهومة بشكل متكرر أكثر من الكلام غير المفهوم(O),1
655,13,30,147,يصدر مقاطع يكون من 2-3 كلمة بدون أن يفهم كل كلمة لوحدها(O),0
656,13,30,147,لديه مجموع مفردات المتحدث بحجم 50 كلمة(باستثناء المصادأة)(O),1
657,13,30,148,يصدر طلب من كلمتين للتكرار(O),0
658,13,30,148,"يصدر طلب من كلمتين ( اسم-فعل, فعل-اسم)(E)",1
659,13,30,148,يعدل درجة صوته حسب الطلب(O),0
660,13,30,148,"يصادي 10 تنغيم ,إيقاعات, درجات صوت(O)",1
661,13,30,149,يصدر بشكل ثابت الحروف الساكنة في الكلمات(O),1
662,13,30,149,يصدر طلب يحتوي ضمائر الملكية من كلمتين (E),0
663,13,30,149,يصدر تسمية للموقع من كلمتين(E),0
664,13,30,149,يصدر طلب من كلمتين للرفض(O),0
665,13,30,149,يربط كلمتين معا ليصنع كلمة أو مقطعا جديدا(O),0
666,13,30,150,يصادي معظم الكلمات أو كلمات مقاربة حسب الطلب ولكن يبقى لديه بعض الأخطاء في النطق (E),1
667,13,30,150,يفهم الغرباء على الأقل ما نسبته 50% من الكلمات الصادرة من الطفل (E),0
668,13,30,150,يصدر حجم مفردات مستمع كلي يتكون من 400 كلمة (E),1
669,13,30,150,يصدر مقاطع متوسط طولها 2.5 مورفيم (E),0
670,13,31,151,يصدر أفعال المساعدة في مقاطع الطلب أو التسمية (هل تسمح هل أستطيع) (O),1
671,13,31,151,المقاطع الصادرة من الطفل في يوم واحد تشمل العديد من الكلمات الصغيرة التي لم يتعلم عليها بشكل مباشر ولكنها تبدو ولائمة للسياق (O),1
672,13,31,151,يستخدم أدوات الجمع المختلفة مثل نون النسوة،جمع المثنى،جمع التكسير (O),1
673,13,31,151,يستخدم الجمع غير القياسي بشكل صحيح مثل قمر،أقمار (E),0
674,13,31,152,"يستخدم is, am بشكل ملائم مع الأفعال (E)",0
675,13,31,152,يصدر أدوات الربط لوصل الكلمات والمقاطع (O),0
676,13,31,152,يصدر بعض صيغ أفعال الماضي غير القياسية بشكل ملائم (E),0
677,13,31,152,يصدر تصريف الفعل المضارع المستمر (O),0
678,13,31,153,يتحدث في جمل تتكون من 3-5 كلمات (O),1
679,13,31,153,يصدر مقاطع ظرفية مكانية ولكن لا يمكن التفريق بين أزواج الظروف (على مقابل تحت،في مقابل خارج) (E),1
680,13,31,153,يصدر صفات ليعدل الأسماء (O),1
681,13,31,153,يصدر اختصارات للطلب والتسمية والمحادثة (O),0
682,13,31,153,يصدر ضمائر لتعديل الأسماء (O),1
683,13,31,154,الصفات غالبًا تسبق الأسماء عندما يكون ذلك ملائمًا (O),0
684,13,31,154,الأفعال تتوافق مع جنس الفاعل (O),0
685,13,31,154,الأفعال تتوافق مع الفاعل في العدد (O),0
686,13,31,154,يصدر تصريف صفات بملاحق المقارنة (أكبر،أصغر) (E),0
687,13,31,154,يصدر أحوالًا لتعديل الأفعال (اذهب سريعًا) (E),1
688,13,31,155,يصدر مقاطع لفظية واسمية مختلفة مربوطة بأدوات الربط (O),1
689,13,31,155,يظهر متوسط للكلام يتكون من 5 مورفيمات (O),0
690,13,31,155,الضمائر تتفق مع الجنس (O),0
691,13,31,155,الضمائر تتفق مع العدد (O),0
692,13,31,155,يستخدم القياس في الجمل (دائمًا ، أبدًا ، أحيانًا) (O),0
693,13,31,155,يستخدم أدوات إيضاح في الجملة (ذلك لأن) (O),0
694,13,31,155,يصدر كلمات تصف حالة التأكد في الكلمات الأخرى (أعتقد،متأكد،ممكن) (O),0
695,14,32,156,يقلب الصفحات وينظر إليها في الكتاب لمدة 30 ثانية (TO:30sec),0
696,14,32,156,يطلب أن يقرأ له أحدهم قصص من الكتب (O),0
697,14,32,156,يلمس الصور في الكتاب التي تتوافق مع القصة (E),0
698,14,32,157,يكمل أحجية تركيب للأحرف بدون دوافع (E),0
699,14,32,157,يسرد 5 حروف هجائية مع دافع البداية (T),0
700,14,32,157,لديه كتاب مفضل يستطيع أن يعطينا اسمه عندما يرى صورة الغلاف (O),0
701,14,32,157,يسمي الصور في الكتاب عندما يقرأ له أحد الكبار القصة (E),0
702,14,32,157,يطابق مع العينة كل الأحرف الكبيرة (T),0
703,14,32,158,يسرد أو يغني الأحرف الهجائية كاملة بالدافع اللفظي فقط (T),0
704,14,32,158,يطلب معرفة ماذا تحكي الكلمات المكتوبة (O),0
705,14,32,158,يتظاهر بقراءة كتاب (O),0
706,14,32,158,يميز كمستمع اسمه الخاص من مجموعة تتكون من 3 أشماء مكتوبة (T),0
707,14,32,158,ينظر إلى الكلمات المكتوبة أكثر من الصور عندما يقرأ له أحدهم القصة (O),0
708,14,32,159,يميز بين معظم الأحرف الكبيرة (T),0
709,14,32,159,يطابق 5 بطاقات كلمات مع نفس الكلمات مكتوبة على ورقة (T),0
710,14,32,159,يعطينا اسم الحرف عندما يسمع صوته 5 مرات ويعطينا صوت الحرف عندما يسمع اسمه 5 مرات (T),0
711,14,32,159,يتذكر بالمحادثة 3 قصص سمعها (E),0
712,14,32,159,يظهر تعميم لتمييز المستمع والتسمية لثلاث مجموعات مختلفة من الأحرف الكبيرة (T),0
713,14,32,160,يشير إذا كانت الكلمتان على نفس الوزن وذلك لعشر أوزان(T),0
714,14,32,160,يسمي معظم الحروف (T),0
715,14,32,160,يطابق عشر أحرف صغيرة مع الأحرف الكبيرة (T),0
716,14,32,160,يميز كمستمع بين الأحرف والأرقام (T),0
717,14,32,160,يهجئ اسمه الخاص بدون دوافع (T),0
718,14,32,160,يختار الكلمة المكتوبة الصحيحة من مجموعة تتكون من ثلاث كلمات وذلك لخمس كلمات مختلفة (T),0
719,15,33,161,يستخدم أدوات كتابة على الورق واللوح الأبيض عندما يتم حثه (T),1
720,15,33,161,يخربش بشكل مستقل على الورق واللوح الأبيض (O),1
721,15,33,161,يظهر سيطرة اليد اليمنى على اليد اليسرى (E),0
722,15,33,161,يقلد حركة الأقلام الأفقية لرسم الخطوط إلى الأمام والخلف (T),1
723,15,33,161,يقلد حركة الأقلام العمودية لرسم الخطوط إلى الأعلى والأسفل (T),1
724,15,33,161,يقلد حركة الأقلام لرسم الدوائر الصغيرة والكبيرة (T),1
725,15,33,161,يقلد حركة الأقلام لرسم الخطوط المنحنية والمائلة (T),1
726,15,33,162,يظهر مسكه جيدة لأدوات الكتابة (E),1
727,15,33,162,يقلد رسم المربع والمثلث (T),1
728,15,33,162,يتتبع ثلاثة أشكال مختلفة ولا يتجاوز مسافة 1 إنش من الخطوط (T),1
729,15,33,162,ينسخ ثلاثة أشكال مختلفة عندما يعطى عينة (T),1
730,15,33,162,يرسم خط على الورقة من النقطة أ إلى النقطة ب ولا يتجاوز مسافة 1 إنش من المركز و 6 إنش من الممر المنحني (T),0
731,15,33,162,ينسخ خمسة خطوط وأشكال مختلفة (T),0
732,15,33,163,ينسخ أربع أرقام أو أحرف (T),1
733,15,33,163,يربط بشكل مستقل أشكال ليصنع صورة (T),0
734,15,33,163,يرسم بشكل مستقل شخص مع أربع أجزاء من جسده واضحة (T),0
735,15,33,163,يتتبع اسمه على ورقة ويبقى ضمن مسافة 1/2 إنش من الأحرف (T),1
736,15,33,164,ينسخ اسمه بشكل واضح على ورقة مسطرة (T),1
737,15,33,164,يلون صور في كتاب التلوين ويبقى ضمن الخطوط (T),0
738,15,33,164,ينسخ الأرقام 1-10 بشكل مقروء على ورقة مسطرة (T),1
739,15,33,164,ينسخ عشر أحرف كبيرة وعشر أحرف صغيرة بشكل مقروء على ورقة مسطرة (T),1
740,15,33,165,يرسم صور مفهومة لثلاثة مواد مختلفة (T),0
741,15,33,165,يكتب عشر حروف وأرقام بشكل مقروء عندما يتم تمليته (T),0
742,15,33,165,ينسخ كلمات بسيطة بشكل مقروء (T),1
743,16,34,166,يعد بشكل روتيني حتى الرقم 5 بوجود دافع لفظي للبداية (T),1
744,16,34,166,يرتب الأشياء حسب حجمها (T),0
745,16,34,166,يميز بين مادة ومادتين كمستمع (T),0
746,16,34,166,يميز بين مادة ومادتين في الطلب (E),0
747,16,34,166,يطابق مع العينة الأرقام 1-10 (T),0
748,16,34,167,يميز بين مادة ومادتين في التسمية (T),0
749,16,34,167,يؤشر بأصابعه عن الرقم الصحيح من 1-5 (T),0
750,16,34,167,يميز بين مادة ومادتين و 3 مواد كمستمع (T),1
751,16,34,167,يعد مادتين بالتوافق 1:1 (T),1
752,16,34,168,يعطي عمره عندما يطلب منه ذلك (T),0
753,16,34,168,يعد حتى 3 مواد بعد إعطائه الدافع اللفظي كم عددها؟ (T),1
754,16,34,168,يحدد كمستمع عدد المواد (T),1
755,16,34,168,يظهر تأكيدًا في العد للأرقام 1-3 (T),0
756,16,34,169,يسمي بشكل صحيح مجموعة من 1-3 مواد ب1،2،3 (T),1
757,16,34,169,يحدد كمستمع مجموعة من المواد بأقل أو أكثر خلال المقارنة (T),1
758,16,34,169,يحدد كمستمع إذا كان الصندوق فارغًا أو ممتلئًا (T),1
759,16,34,169,يحدد كمستمع إذا كانت المادة أكبر أو أصغر خلال المقارنة (T),1
760,16,34,169,يحدد كمستمع إذا كانت المادة أطول أو أقصر خلال المقارنة (T),1
761,16,34,170,يطبق حركة محددة عند كل رقم حتى يصل إلى الرقم 5 (T),0
762,16,34,170,يكمل نمط متسلسل يشمل عنصرين (T),0
763,16,34,170,يحدد بشكل صحيح المصطلحات الأول والأخير (T),0
764,16,34,170,يحدد بشكل صحيح كمستمع ويسمي أوقات الصباح والليل (T),0
765,16,34,170,يستجيب لفظيًّا لأي رقم سيكون التالي من الأرقام 1-9 (T),0
766,16,34,170,يحدد بشكل صحيح 3 عملات ويقول ماذا سيفعل بهذه النقود (T),0